date,title,actual,forecast,importance
2020-09-03T12:30:00.000Z,Balance of Trade,-63.6,-58.0,1
2020-09-04T12:30:00.000Z,Non Farm Payrolls,1371.0,1400.0,1
2020-09-11T12:30:00.000Z,Inflation Rate YoY,1.3,1.2,1
2020-09-11T12:30:00.000Z,Core Inflation Rate YoY,1.7,1.6,1
2020-09-16T12:30:00.000Z,Retail Sales MoM,0.6,1.0,1
2020-09-25T12:30:00.000Z,Durable Goods Orders MoM,0.4,1.5,1
2020-10-01T12:30:00.000Z,Personal Spending MoM,1.0,0.8,1
2020-10-01T12:30:00.000Z,Personal Income MoM,-2.7,-2.4,1
2020-10-02T12:30:00.000Z,Non Farm Payrolls,661.0,850.0,1
2020-10-06T12:30:00.000Z,Balance of Trade,-67.1,-66.1,1
2020-10-13T12:30:00.000Z,Core Inflation Rate YoY,1.7,1.8,1
2020-10-13T12:30:00.000Z,Inflation Rate YoY,1.4,1.4,1
2020-10-16T12:30:00.000Z,Retail Sales MoM,1.9,0.7,1
2020-10-27T12:30:00.000Z,Durable Goods Orders MoM,1.9,0.5,1
2020-10-30T12:30:00.000Z,Personal Income MoM,0.9,0.4,1
2020-10-30T12:30:00.000Z,Personal Spending MoM,1.4,1.0,1
2020-11-03T00:00:00.000Z,Presidential Election,,,1
2020-11-04T13:30:00.000Z,Balance of Trade,-63.9,-63.8,1
2020-11-06T13:30:00.000Z,Non Farm Payrolls,638.0,600.0,1
2020-11-12T13:30:00.000Z,Inflation Rate YoY,1.2,1.3,1
2020-11-12T13:30:00.000Z,Core Inflation Rate YoY,1.6,1.8,1
2020-11-17T13:30:00.000Z,Retail Sales MoM,0.3,0.5,1
2020-11-25T13:30:00.000Z,Durable Goods Orders MoM,1.3,0.9,1
2020-11-25T15:00:00.000Z,Personal Spending MoM,0.5,0.4,1
2020-11-25T15:00:00.000Z,Personal Income MoM,-0.7,0.0,1
2020-12-04T13:30:00.000Z,Balance of Trade,-63.1,-64.8,1
2020-12-04T13:30:00.000Z,Non Farm Payrolls,245.0,469.0,1
2020-12-10T13:30:00.000Z,Core Inflation Rate YoY,1.6,1.6,1
2020-12-10T13:30:00.000Z,Inflation Rate YoY,1.2,1.1,1
2020-12-16T13:30:00.000Z,Retail Sales MoM,-1.1,-0.3,1
2020-12-23T13:30:00.000Z,Durable Goods Orders MoM,0.9,0.6,1
2020-12-23T13:30:00.000Z,Personal Income MoM,-1.1,-0.3,1
2020-12-23T13:30:00.000Z,Personal Spending MoM,-0.4,-0.2,1
2021-01-07T13:30:00.000Z,Balance of Trade,-68.1,-65.2,1
2021-01-08T13:30:00.000Z,Non Farm Payrolls,-140.0,71.0,1
2021-01-13T13:30:00.000Z,Inflation Rate YoY,1.4,1.3,1
2021-01-13T13:30:00.000Z,Core Inflation Rate YoY,1.6,1.6,1
2021-01-15T13:30:00.000Z,Retail Sales MoM,-0.7,0.0,1
2021-01-19T15:00:00.000Z,Treasury Secretary Yellen Senate Confirmation Hearing,,,1
2021-01-27T13:30:00.000Z,Durable Goods Orders MoM,0.2,0.9,1
2021-01-27T19:30:00.000Z,Fed Press Conference,,,1
2021-01-29T13:30:00.000Z,Personal Income MoM,0.6,0.1,1
2021-01-29T13:30:00.000Z,Personal Spending MoM,-0.2,-0.4,1
2021-02-05T13:30:00.000Z,Non Farm Payrolls,49.0,50.0,1
2021-02-05T13:30:00.000Z,Balance of Trade,-66.6,-65.7,1
2021-02-10T13:30:00.000Z,Inflation Rate YoY,1.4,1.5,1
2021-02-10T13:30:00.000Z,Core Inflation Rate YoY,1.4,1.5,1
2021-02-17T13:30:00.000Z,Retail Sales MoM,5.3,1.1,1
2021-02-17T19:00:00.000Z,FOMC Minutes,,,1
2021-02-25T13:30:00.000Z,Durable Goods Orders MoM,3.4,1.1,1
2021-02-26T13:30:00.000Z,Personal Income MoM,10.0,9.5,1
2021-02-26T13:30:00.000Z,Personal Spending MoM,2.4,2.5,1
2021-03-05T13:30:00.000Z,Non Farm Payrolls,379.0,182.0,1
2021-03-05T13:30:00.000Z,Balance of Trade,-68.2,-67.5,1
2021-03-10T13:30:00.000Z,Core Inflation Rate YoY,1.3,1.4,1
2021-03-10T13:30:00.000Z,Inflation Rate YoY,1.7,1.7,1
2021-03-16T12:30:00.000Z,Retail Sales MoM,-3.0,-0.5,1
2021-03-17T18:30:00.000Z,Fed Press Conference,,,1
2021-03-24T12:30:00.000Z,Durable Goods Orders MoM,-1.1,0.8,1
2021-03-26T12:30:00.000Z,Personal Income MoM,-7.1,-7.3,1
2021-03-26T12:30:00.000Z,Personal Spending MoM,-1.0,-0.7,1
2021-03-31T00:00:00.000Z,President Biden Speech on Recovery Package,,,1
2021-04-02T12:30:00.000Z,Non Farm Payrolls,916.0,647.0,1
2021-04-07T12:30:00.000Z,Balance of Trade,-71.1,-70.5,1
2021-04-07T18:00:00.000Z,FOMC Minutes,,,1
2021-04-13T12:30:00.000Z,Core Inflation Rate YoY,1.6,1.5,1
2021-04-13T12:30:00.000Z,Inflation Rate YoY,2.6,2.5,1
2021-04-15T12:30:00.000Z,Retail Sales MoM,9.8,5.9,1
2021-04-26T12:30:00.000Z,Durable Goods Orders MoM,0.5,2.5,1
2021-04-28T18:30:00.000Z,Fed Press Conference,,,1
2021-04-30T12:30:00.000Z,Personal Income MoM,21.1,20.3,1
2021-04-30T12:30:00.000Z,Personal Spending MoM,4.2,4.1,1
2021-05-04T12:30:00.000Z,Balance of Trade,-74.4,-74.5,1
2021-05-07T12:30:00.000Z,Non Farm Payrolls,266.0,978.0,1
2021-05-12T12:30:00.000Z,Inflation Rate YoY,4.2,3.6,1
2021-05-12T12:30:00.000Z,Core Inflation Rate YoY,3.0,2.3,1
2021-05-14T12:30:00.000Z,Retail Sales MoM,0.0,1.0,1
2021-05-19T18:00:00.000Z,FOMC Minutes,,,1
2021-05-27T12:30:00.000Z,Durable Goods Orders MoM,-1.3,0.7,1
2021-05-28T12:30:00.000Z,Personal Spending MoM,0.5,0.5,1
2021-05-28T12:30:00.000Z,Personal Income MoM,-13.1,-14.1,1
2021-06-04T12:30:00.000Z,Non Farm Payrolls,559.0,650.0,1
2021-06-08T12:30:00.000Z,Balance of Trade,-68.9,-69.0,1
2021-06-10T12:30:00.000Z,Core Inflation Rate YoY,3.8,3.4,1
2021-06-10T12:30:00.000Z,Inflation Rate YoY,5.0,4.7,1
2021-06-15T12:30:00.000Z,Retail Sales MoM,-1.3,-0.8,1
2021-06-16T18:30:00.000Z,Fed Press Conference,,,1
2021-06-24T12:30:00.000Z,Durable Goods Orders MoM,2.3,2.8,1
2021-06-25T12:30:00.000Z,Personal Income MoM,-2.0,-2.5,1
2021-06-25T12:30:00.000Z,Personal Spending MoM,0.0,0.4,1
2021-07-02T12:30:00.000Z,Balance of Trade,-71.2,-71.4,1
2021-07-02T12:30:00.000Z,Non Farm Payrolls,850.0,700.0,1
2021-07-07T18:00:00.000Z,FOMC Minutes,,,1
2021-07-13T12:30:00.000Z,Inflation Rate YoY,5.4,4.9,1
2021-07-13T12:30:00.000Z,Core Inflation Rate YoY,4.5,4.0,1
2021-07-16T12:30:00.000Z,Retail Sales MoM,0.6,-0.4,1
2021-07-27T12:30:00.000Z,Durable Goods Orders MoM,0.8,2.1,1
2021-07-28T18:30:00.000Z,Fed Press Conference,,,1
2021-07-30T12:30:00.000Z,Personal Spending MoM,1.0,0.7,1
2021-07-30T12:30:00.000Z,Personal Income MoM,0.1,-0.3,1
2021-08-05T12:30:00.000Z,Balance of Trade,-75.7,-73.9,1
2021-08-06T12:30:00.000Z,Non Farm Payrolls,943.0,870.0,1
2021-08-11T12:30:00.000Z,Core Inflation Rate YoY,4.3,4.3,1
2021-08-11T12:30:00.000Z,Inflation Rate YoY,5.4,5.3,1
2021-08-17T12:30:00.000Z,Retail Sales MoM,-1.1,-0.3,1
2021-08-18T18:00:00.000Z,FOMC Minutes,,,1
2021-08-25T12:30:00.000Z,Durable Goods Orders MoM,-0.1,-0.3,1
2021-08-27T12:30:00.000Z,Personal Income MoM,1.1,0.2,1
2021-08-27T12:30:00.000Z,Personal Spending MoM,0.3,0.3,1
2021-09-02T12:30:00.000Z,Balance of Trade,-70.0,-71.0,1
2021-09-03T12:30:00.000Z,Non Farm Payrolls,235.0,750.0,1
2021-09-14T12:30:00.000Z,Inflation Rate YoY,5.3,5.3,1
2021-09-14T12:30:00.000Z,Core Inflation Rate YoY,4.0,4.2,1
2021-09-16T12:30:00.000Z,Retail Sales MoM,0.7,-0.8,1
2021-09-22T18:30:00.000Z,Fed Press Conference,,,1
2021-09-27T12:30:00.000Z,Durable Goods Orders MoM,1.8,0.7,1
2021-10-01T12:30:00.000Z,Personal Spending MoM,0.8,0.6,1
2021-10-01T12:30:00.000Z,Personal Income MoM,0.2,0.3,1
2021-10-01T14:00:00.000Z,ISM Manufacturing PMI,61.1,59.6,1
2021-10-05T12:30:00.000Z,Balance of Trade,-73.3,-70.5,1
2021-10-08T12:30:00.000Z,Non Farm Payrolls,194.0,500.0,1
2021-10-12T14:00:00.000Z,JOLTs Job Openings,10.439,10.925,1
2021-10-13T12:30:00.000Z,Core Inflation Rate YoY,4.0,4.0,1
2021-10-13T12:30:00.000Z,Inflation Rate YoY,5.4,5.3,1
2021-10-13T18:00:00.000Z,FOMC Minutes,,,1
2021-10-15T12:30:00.000Z,Retail Sales MoM,0.7,-0.2,1
2021-10-15T14:00:00.000Z,Michigan Consumer Sentiment Prel,71.4,73.1,1
2021-10-19T12:30:00.000Z,Building Permits,1.589,1.68,1
2021-10-27T12:30:00.000Z,Durable Goods Orders MoM,-0.4,-1.1,1
2021-10-29T12:30:00.000Z,Personal Income MoM,-1.0,-0.2,1
2021-10-29T12:30:00.000Z,Personal Spending MoM,0.6,0.5,1
2021-11-01T14:00:00.000Z,ISM Manufacturing PMI,60.8,60.5,1
2021-11-03T18:30:00.000Z,Fed Press Conference,,,1
2021-11-04T12:30:00.000Z,Balance of Trade,-80.9,-80.5,1
2021-11-05T12:30:00.000Z,Non Farm Payrolls,531.0,450.0,1
2021-11-09T13:30:00.000Z,PPI MoM,0.6,0.6,1
2021-11-10T13:30:00.000Z,Inflation Rate YoY,6.2,5.8,1
2021-11-10T13:30:00.000Z,Core Inflation Rate YoY,4.6,4.3,1
2021-11-12T15:00:00.000Z,Michigan Consumer Sentiment Prel,66.8,72.4,1
2021-11-12T15:00:00.000Z,JOLTs Job Openings,10.438,10.3,1
2021-11-15T00:00:00.000Z,President Biden and President Xi Jinping Virtual Meeting,,,1
2021-11-16T13:30:00.000Z,Retail Sales MoM,1.7,1.4,1
2021-11-17T13:30:00.000Z,Building Permits,1.65,1.638,1
2021-11-23T14:45:00.000Z,Markit Manufacturing PMI Flash,,59.0,1
2021-11-23T14:45:00.000Z,Markit Services PMI Flash,,59.0,1
2021-11-24T13:30:00.000Z,Durable Goods Orders MoM,-0.5,0.2,1
2021-11-24T15:00:00.000Z,Personal Spending MoM,1.3,1.0,1
2021-11-24T15:00:00.000Z,Personal Income MoM,0.5,0.2,1
2021-11-24T19:00:00.000Z,FOMC Minutes,,,1
2021-11-29T20:05:00.000Z,Fed Chair Powell Speech,,,1
2021-11-30T15:00:00.000Z,Fed Chair Powell Testimony,,,1
2021-12-01T15:00:00.000Z,ISM Manufacturing PMI,61.1,61.0,1
2021-12-03T13:30:00.000Z,Non Farm Payrolls,210.0,550.0,1
2021-12-03T15:00:00.000Z,ISM Non-Manufacturing PMI,69.1,65.0,1
2021-12-07T13:30:00.000Z,Balance of Trade,-67.1,-66.8,1
2021-12-08T15:00:00.000Z,JOLTs Job Openings,11.0,10.369,1
2021-12-10T13:30:00.000Z,Core Inflation Rate YoY,4.9,4.9,1
2021-12-10T13:30:00.000Z,Inflation Rate YoY,6.8,6.8,1
2021-12-10T15:00:00.000Z,Michigan Consumer Sentiment Prel,70.4,67.1,1
2021-12-15T13:30:00.000Z,Retail Sales MoM,0.3,0.8,1
2021-12-15T19:30:00.000Z,Fed Press Conference,,,1
2021-12-16T13:30:00.000Z,Building Permits,1.712,1.663,1
2021-12-16T14:45:00.000Z,Markit Manufacturing PMI Flash,,58.5,1
2021-12-16T14:45:00.000Z,Markit Services PMI Flash,,58.5,1
2021-12-23T13:30:00.000Z,Personal Income MoM,0.4,0.4,1
2021-12-23T13:30:00.000Z,Personal Spending MoM,0.6,0.6,1
2021-12-23T13:30:00.000Z,Durable Goods Orders MoM,2.5,1.6,1
2022-01-04T15:00:00.000Z,ISM Manufacturing PMI,58.7,60.0,1
2022-01-04T15:00:00.000Z,JOLTs Job Openings,10.562,11.075,1
2022-01-05T19:00:00.000Z,FOMC Minutes,,,1
2022-01-06T13:30:00.000Z,Balance of Trade,-80.2,-77.1,1
2022-01-06T15:00:00.000Z,ISM Non-Manufacturing PMI,62.0,66.9,1
2022-01-07T13:30:00.000Z,Non Farm Payrolls,199.0,400.0,1
2022-01-11T15:00:00.000Z,Fed Chair Powell Testimony,,,1
2022-01-12T13:30:00.000Z,Inflation Rate YoY,7.0,7.0,1
2022-01-12T13:30:00.000Z,Core Inflation Rate YoY,5.5,5.4,1
2022-01-14T13:30:00.000Z,Retail Sales MoM,-1.9,0.0,1
2022-01-14T15:00:00.000Z,Michigan Consumer Sentiment Prel,68.8,70.0,1
2022-01-19T13:30:00.000Z,Building Permits,1.873,1.701,1
2022-01-24T14:45:00.000Z,Markit Composite PMI Flash,,,1
2022-01-26T19:30:00.000Z,Fed Press Conference,,,1
2022-01-27T13:30:00.000Z,Durable Goods Orders MoM,-0.9,-0.5,1
2022-01-28T13:30:00.000Z,Personal Income MoM,0.3,0.5,1
2022-01-28T13:30:00.000Z,Personal Spending MoM,-0.6,-0.6,1
2022-02-01T15:00:00.000Z,JOLTs Job Openings,10.925,10.3,1
2022-02-01T15:00:00.000Z,ISM Manufacturing PMI,57.6,57.5,1
2022-02-03T15:00:00.000Z,ISM Non-Manufacturing PMI,59.9,59.5,1
2022-02-04T13:30:00.000Z,Non Farm Payrolls,467.0,150.0,1
2022-02-08T13:30:00.000Z,Balance of Trade,-80.7,-83.0,1
2022-02-10T13:30:00.000Z,Inflation Rate YoY,7.5,7.3,1
2022-02-10T13:30:00.000Z,Core Inflation Rate YoY,6.0,5.9,1
2022-02-11T15:00:00.000Z,Michigan Consumer Sentiment Prel,61.7,67.5,1
2022-02-16T13:30:00.000Z,Retail Sales MoM,3.8,2.0,1
2022-02-16T19:00:00.000Z,FOMC Minutes,,,1
2022-02-17T13:30:00.000Z,Building Permits,1.899,1.76,1
2022-02-25T13:30:00.000Z,Durable Goods Orders MoM,1.6,0.8,1
2022-02-25T13:30:00.000Z,Personal Income MoM,0.0,-0.3,1
2022-02-25T13:30:00.000Z,Personal Spending MoM,2.1,1.5,1
2022-03-01T15:00:00.000Z,ISM Manufacturing PMI,58.6,58.0,1
2022-03-03T15:00:00.000Z,Fed Chair Powell Testimony,,,1
2022-03-03T15:00:00.000Z,ISM Non-Manufacturing PMI,56.5,61.0,1
2022-03-04T13:30:00.000Z,Non Farm Payrolls,678.0,400.0,1
2022-03-08T13:30:00.000Z,Balance of Trade,-89.7,-87.1,1
2022-03-09T15:00:00.000Z,JOLTs Job Openings,11.263,10.925,1
2022-03-10T13:30:00.000Z,Core Inflation Rate YoY,6.4,6.4,1
2022-03-10T13:30:00.000Z,Inflation Rate YoY,7.9,7.9,1
2022-03-11T15:00:00.000Z,Michigan Consumer Sentiment Prel,59.7,61.4,1
2022-03-15T12:30:00.000Z,PPI MoM,0.8,0.9,1
2022-03-16T12:30:00.000Z,Retail Sales MoM,0.3,0.4,1
2022-03-16T18:30:00.000Z,Fed Press Conference,,,1
2022-03-17T12:30:00.000Z,Building Permits,1.859,1.85,1
2022-03-24T12:30:00.000Z,Durable Goods Orders MoM,-2.2,-0.5,1
2022-03-29T14:00:00.000Z,JOLTs Job Openings,11.266,11.0,1
2022-03-31T12:30:00.000Z,Personal Income MoM,0.5,0.5,1
2022-03-31T12:30:00.000Z,Personal Spending MoM,0.2,0.5,1
2022-04-01T12:30:00.000Z,Non Farm Payrolls,431.0,490.0,1
2022-04-01T14:00:00.000Z,ISM Manufacturing PMI,57.1,59.0,1
2022-04-05T12:30:00.000Z,Balance of Trade,-89.2,-88.5,1
2022-04-05T14:00:00.000Z,ISM Non-Manufacturing PMI,58.3,58.4,1
2022-04-06T18:00:00.000Z,FOMC Minutes,,,1
2022-04-12T12:30:00.000Z,Core Inflation Rate YoY,6.5,6.6,1
2022-04-12T12:30:00.000Z,Inflation Rate YoY,8.5,8.4,1
2022-04-13T12:30:00.000Z,PPI MoM,1.4,1.1,1
2022-04-14T12:30:00.000Z,Retail Sales MoM,0.5,0.6,1
2022-04-14T14:00:00.000Z,Michigan Consumer Sentiment Prel,65.7,59.0,1
2022-04-19T12:30:00.000Z,Building Permits,1.873,1.825,1
2022-04-26T12:30:00.000Z,Durable Goods Orders MoM,0.8,1.0,1
2022-04-29T12:30:00.000Z,Personal Income MoM,0.5,0.4,1
2022-04-29T12:30:00.000Z,Personal Spending MoM,1.1,0.7,1
2022-05-02T14:00:00.000Z,ISM Manufacturing PMI,55.4,57.6,1
2022-05-03T14:00:00.000Z,JOLTs Job Openings,11.549,11.0,1
2022-05-04T12:30:00.000Z,Balance of Trade,-109.8,-107.0,1
2022-05-04T14:00:00.000Z,ISM Non-Manufacturing PMI,57.1,58.5,1
2022-05-04T18:30:00.000Z,Fed Press Conference,,,1
2022-05-06T12:30:00.000Z,Non Farm Payrolls,428.0,391.0,1
2022-05-11T12:30:00.000Z,Inflation Rate YoY,8.3,8.1,1
2022-05-11T12:30:00.000Z,Core Inflation Rate YoY,6.2,6.0,1
2022-05-12T12:30:00.000Z,PPI MoM,0.5,0.5,1
2022-05-13T14:00:00.000Z,Michigan Consumer Sentiment Prel,59.1,64.0,1
2022-05-17T12:30:00.000Z,Retail Sales MoM,0.9,0.9,1
2022-05-17T18:00:00.000Z,Fed Chair Powell Speech,,,1
2022-05-18T12:30:00.000Z,Building Permits,1.819,1.812,1
2022-05-25T12:30:00.000Z,Durable Goods Orders MoM,0.4,0.6,1
2022-05-25T18:00:00.000Z,FOMC Minutes,,,1
2022-05-27T12:30:00.000Z,Personal Spending MoM,0.9,0.7,1
2022-05-27T12:30:00.000Z,Personal Income MoM,0.4,0.5,1
2022-06-01T14:00:00.000Z,ISM Manufacturing PMI,56.1,54.5,1
2022-06-01T14:00:00.000Z,JOLTs Job Openings,11.4,11.4,1
2022-06-03T12:30:00.000Z,Non Farm Payrolls,390.0,325.0,1
2022-06-03T14:00:00.000Z,ISM Non-Manufacturing PMI,55.9,56.4,1
2022-06-07T12:30:00.000Z,Balance of Trade,-87.1,-89.5,1
2022-06-10T12:30:00.000Z,Core Inflation Rate YoY,6.0,5.9,1
2022-06-10T12:30:00.000Z,Inflation Rate YoY,8.6,8.3,1
2022-06-10T14:00:00.000Z,Michigan Consumer Sentiment Prel,50.2,58.0,1
2022-06-14T12:30:00.000Z,PPI MoM,0.8,0.8,1
2022-06-15T12:30:00.000Z,Retail Sales MoM,-0.3,0.2,1
2022-06-15T18:30:00.000Z,Fed Press Conference,,,1
2022-06-16T12:30:00.000Z,Building Permits,1.695,1.785,1
2022-06-22T13:30:00.000Z,Fed Chair Powell Testimony,,,1
2022-06-23T14:00:00.000Z,Fed Chair Powell Testimony,,,1
2022-06-27T12:30:00.000Z,Durable Goods Orders MoM,0.7,0.1,1
2022-06-29T13:00:00.000Z,Fed Chair Powell Speech,,,1
2022-06-30T12:30:00.000Z,Personal Income MoM,0.5,0.5,1
2022-06-30T12:30:00.000Z,Personal Spending MoM,0.2,0.4,1
2022-07-01T14:00:00.000Z,ISM Manufacturing PMI,53.0,54.9,1
2022-07-06T14:00:00.000Z,ISM Non-Manufacturing PMI,55.3,54.3,1
2022-07-06T14:00:00.000Z,JOLTs Job Openings,11.254,11.0,1
2022-07-06T18:00:00.000Z,FOMC Minutes,,,1
2022-07-07T12:30:00.000Z,Balance of Trade,-85.5,-84.9,1
2022-07-08T12:30:00.000Z,Non Farm Payrolls,372.0,268.0,1
2022-07-13T12:30:00.000Z,Inflation Rate YoY,9.1,8.8,1
2022-07-13T12:30:00.000Z,Core Inflation Rate YoY,5.9,5.7,1
2022-07-14T12:30:00.000Z,PPI MoM,1.1,0.8,1
2022-07-15T12:30:00.000Z,Retail Sales MoM,1.0,0.8,1
2022-07-15T14:00:00.000Z,Michigan Consumer Sentiment Prel,51.1,49.9,1
2022-07-19T12:30:00.000Z,Building Permits,1.685,1.65,1
2022-07-27T12:30:00.000Z,Durable Goods Orders MoM,1.9,-0.5,1
2022-07-27T18:30:00.000Z,Fed Press Conference,,,1
2022-07-29T12:30:00.000Z,Personal Spending MoM,1.1,0.9,1
2022-07-29T12:30:00.000Z,Personal Income MoM,0.6,0.5,1
2022-08-01T14:00:00.000Z,ISM Manufacturing PMI,52.8,52.0,1
2022-08-02T14:00:00.000Z,JOLTs Job Openings,10.698,11.0,1
2022-08-03T14:00:00.000Z,ISM Non-Manufacturing PMI,56.7,53.5,1
2022-08-04T12:30:00.000Z,Balance of Trade,-79.6,-80.1,1
2022-08-05T12:30:00.000Z,Non Farm Payrolls,528.0,250.0,1
2022-08-10T12:30:00.000Z,Core Inflation Rate YoY,5.9,6.1,1
2022-08-10T12:30:00.000Z,Inflation Rate YoY,8.5,8.7,1
2022-08-11T12:30:00.000Z,PPI MoM,-0.5,0.2,1
2022-08-12T14:00:00.000Z,Michigan Consumer Sentiment Prel,55.1,52.5,1
2022-08-16T12:30:00.000Z,Building Permits,1.674,1.65,1
2022-08-17T12:30:00.000Z,Retail Sales MoM,0.0,0.1,1
2022-08-17T18:00:00.000Z,FOMC Minutes,,,1
2022-08-24T12:30:00.000Z,Durable Goods Orders MoM,0.0,0.6,1
2022-08-26T12:30:00.000Z,Personal Income MoM,0.2,0.6,1
2022-08-26T12:30:00.000Z,Personal Spending MoM,0.1,0.4,1
2022-08-26T14:00:00.000Z,Fed Chair Powell Speech,,,1
2022-08-30T14:00:00.000Z,JOLTs Job Openings,11.239,10.45,1
2022-09-01T14:00:00.000Z,ISM Manufacturing PMI,52.8,52.0,1
2022-09-02T12:30:00.000Z,Non Farm Payrolls,315.0,300.0,1
2022-09-06T14:00:00.000Z,ISM Non-Manufacturing PMI,56.9,55.1,1
2022-09-07T12:30:00.000Z,Balance of Trade,-70.7,-70.3,1
2022-09-13T12:30:00.000Z,Inflation Rate YoY,8.3,8.1,1
2022-09-13T12:30:00.000Z,Core Inflation Rate YoY,6.3,6.1,1
2022-09-14T12:30:00.000Z,PPI MoM,-0.1,-0.1,1
2022-09-15T12:30:00.000Z,Retail Sales MoM,0.3,0.0,1
2022-09-16T14:00:00.000Z,Michigan Consumer Sentiment Prel,59.5,60.0,1
2022-09-20T12:30:00.000Z,Building Permits,1.517,1.61,1
2022-09-21T18:30:00.000Z,Fed Press Conference,,,1
2022-09-27T12:30:00.000Z,Durable Goods Orders MoM,-0.2,-0.4,1
2022-09-30T12:30:00.000Z,Personal Spending MoM,0.4,0.2,1
2022-09-30T12:30:00.000Z,Personal Income MoM,0.3,0.3,1
2022-10-03T14:00:00.000Z,ISM Manufacturing PMI,50.9,52.2,1
2022-10-04T14:00:00.000Z,JOLTs Job Openings,10.053,10.775,1
2022-10-05T12:30:00.000Z,Balance of Trade,-67.4,-67.7,1
2022-10-05T14:00:00.000Z,ISM Non-Manufacturing PMI,56.7,56.0,1
2022-10-07T12:30:00.000Z,Non Farm Payrolls,263.0,250.0,1
2022-10-12T12:30:00.000Z,PPI MoM,0.4,0.2,1
2022-10-12T18:00:00.000Z,FOMC Minutes,,,1
2022-10-13T12:30:00.000Z,Core Inflation Rate YoY,6.6,6.5,1
2022-10-13T12:30:00.000Z,Inflation Rate YoY,8.2,8.1,1
2022-10-14T12:30:00.000Z,Retail Sales MoM,0.0,0.2,1
2022-10-14T14:00:00.000Z,Michigan Consumer Sentiment Prel,59.8,59.0,1
2022-10-19T12:30:00.000Z,Building Permits,1.564,1.53,1
2022-10-27T12:30:00.000Z,Durable Goods Orders MoM,0.4,0.6,1
2022-10-28T12:30:00.000Z,Personal Income MoM,0.4,0.3,1
2022-10-28T12:30:00.000Z,Personal Spending MoM,0.6,0.4,1
2022-11-01T14:00:00.000Z,ISM Manufacturing PMI,50.2,50.0,1
2022-11-01T14:00:00.000Z,JOLTs Job Openings,10.717,10.0,1
2022-11-02T18:30:00.000Z,Fed Press Conference,,,1
2022-11-03T12:30:00.000Z,Balance of Trade,-73.3,-72.2,1
2022-11-03T14:00:00.000Z,ISM Non-Manufacturing PMI,54.4,55.5,1
2022-11-04T12:30:00.000Z,Non Farm Payrolls,261.0,200.0,1
2022-11-10T13:30:00.000Z,Inflation Rate YoY,7.7,8.0,1
2022-11-10T13:30:00.000Z,Core Inflation Rate YoY,6.3,6.5,1
2022-11-11T15:00:00.000Z,Michigan Consumer Sentiment Prel,54.7,59.5,1
2022-11-15T13:30:00.000Z,PPI MoM,0.2,0.4,1
2022-11-16T13:30:00.000Z,Retail Sales MoM,1.3,1.0,1
2022-11-17T13:30:00.000Z,Building Permits Prel,1.526,,1
2022-11-23T13:30:00.000Z,Durable Goods Orders MoM,1.0,0.4,1
2022-11-23T19:00:00.000Z,FOMC Minutes,,,1
2022-11-30T15:00:00.000Z,JOLTs Job Openings,10.334,10.3,1
2022-11-30T18:30:00.000Z,Fed Chair Powell Speech,,,1
2022-12-01T13:30:00.000Z,Personal Spending MoM,0.8,0.8,1
2022-12-01T13:30:00.000Z,Personal Income MoM,0.7,0.4,1
2022-12-01T15:00:00.000Z,ISM Manufacturing PMI,49.0,49.8,1
2022-12-02T13:30:00.000Z,Non Farm Payrolls,263.0,200.0,1
2022-12-05T15:00:00.000Z,ISM Non-Manufacturing PMI,56.5,53.3,1
2022-12-06T13:30:00.000Z,Balance of Trade,-78.2,-80.0,1
2022-12-09T13:30:00.000Z,PPI MoM,0.3,0.2,1
2022-12-09T15:00:00.000Z,Michigan Consumer Sentiment Prel,59.1,56.9,1
2022-12-13T13:30:00.000Z,Core Inflation Rate YoY,6.0,6.1,1
2022-12-13T13:30:00.000Z,Inflation Rate YoY,7.1,7.3,1
2022-12-14T19:00:00.000Z,Fed Interest Rate Decision,4.5,4.5,1
2022-12-14T19:30:00.000Z,Fed Press Conference,,,1
2022-12-15T13:30:00.000Z,Retail Sales MoM,-0.6,-0.1,1
2022-12-20T13:30:00.000Z,Building Permits Prel,1.342,1.485,1
2022-12-23T13:30:00.000Z,Personal Income MoM,0.4,0.3,1
2022-12-23T13:30:00.000Z,Personal Spending MoM,0.1,0.2,1
2022-12-23T13:30:00.000Z,Durable Goods Orders MoM,-2.1,-0.6,1
2023-01-04T15:00:00.000Z,ISM Manufacturing PMI,48.4,48.5,1
2023-01-04T15:00:00.000Z,JOLTs Job Openings,10.458,10.0,1
2023-01-04T19:00:00.000Z,FOMC Minutes,,,1
2023-01-05T13:30:00.000Z,Balance of Trade,-61.5,-73.0,1
2023-01-06T13:30:00.000Z,Non Farm Payrolls,223.0,200.0,1
2023-01-06T13:30:00.000Z,Unemployment Rate,3.5,3.7,1
2023-01-06T15:00:00.000Z,ISM Non-Manufacturing PMI,49.6,55.0,1
2023-01-12T13:30:00.000Z,Inflation Rate YoY,6.5,6.5,1
2023-01-12T13:30:00.000Z,Core Inflation Rate YoY,5.7,5.7,1
2023-01-13T15:00:00.000Z,Michigan Consumer Sentiment Prel,64.6,60.5,1
2023-01-18T13:30:00.000Z,PPI MoM,-0.5,-0.1,1
2023-01-18T13:30:00.000Z,Retail Sales MoM,-1.1,-0.8,1
2023-01-19T13:30:00.000Z,Building Permits Prel,1.33,1.37,1
2023-01-26T13:30:00.000Z,Durable Goods Orders MoM,5.6,2.5,1
2023-01-26T13:30:00.000Z,GDP Growth Rate QoQ Adv,2.9,2.6,1
2023-01-27T13:30:00.000Z,Core PCE Price Index MoM,0.3,0.3,1
2023-01-27T13:30:00.000Z,Personal Income MoM,0.2,0.2,1
2023-01-27T13:30:00.000Z,Personal Spending MoM,-0.2,-0.1,1
2023-02-01T15:00:00.000Z,ISM Manufacturing PMI,47.4,48.0,1
2023-02-01T15:00:00.000Z,JOLTs Job Openings,11.012,10.25,1
2023-02-01T19:00:00.000Z,Fed Interest Rate Decision,4.75,4.75,1
2023-02-01T19:30:00.000Z,Fed Press Conference,,,1
2023-02-03T13:30:00.000Z,Unemployment Rate,3.4,3.6,1
2023-02-03T13:30:00.000Z,Non Farm Payrolls,517.0,185.0,1
2023-02-03T15:00:00.000Z,ISM Non-Manufacturing PMI,55.2,50.4,1
2023-02-07T13:30:00.000Z,Balance of Trade,-67.4,-68.5,1
2023-02-10T15:00:00.000Z,Michigan Consumer Sentiment Prel,66.4,65.0,1
2023-02-14T13:30:00.000Z,Inflation Rate YoY,6.4,6.2,1
2023-02-14T13:30:00.000Z,Core Inflation Rate YoY,5.6,5.5,1
2023-02-15T13:30:00.000Z,Retail Sales MoM,3.0,1.8,1
2023-02-16T13:30:00.000Z,PPI MoM,0.7,0.4,1
2023-02-16T13:30:00.000Z,Building Permits Prel,1.339,1.35,1
2023-02-22T19:00:00.000Z,FOMC Minutes,,,1
2023-02-24T13:30:00.000Z,Personal Income MoM,0.6,1.0,1
2023-02-24T13:30:00.000Z,Personal Spending MoM,1.8,1.3,1
2023-02-24T13:30:00.000Z,Core PCE Price Index MoM,0.6,0.4,1
2023-02-27T13:30:00.000Z,Durable Goods Orders MoM,-4.5,-4.0,1
2023-03-01T15:00:00.000Z,ISM Manufacturing PMI,47.7,48.0,1
2023-03-03T15:00:00.000Z,ISM Non-Manufacturing PMI,55.1,54.5,1
2023-03-07T15:00:00.000Z,Fed Chair Powell Testimony,,,1
2023-03-08T13:30:00.000Z,Balance of Trade,-68.3,-68.9,1
2023-03-08T15:00:00.000Z,Fed Chair Powell Testimony,,,1
2023-03-08T15:00:00.000Z,JOLTs Job Openings,10.824,10.5,1
2023-03-10T13:30:00.000Z,Non Farm Payrolls,311.0,205.0,1
2023-03-10T13:30:00.000Z,Unemployment Rate,3.6,3.4,1
2023-03-13T13:00:00.000Z,President Biden Speech on Banking System,,,1
2023-03-13T15:30:00.000Z,Closed-door Fed Emergency Meeting,,,1
2023-03-14T12:30:00.000Z,Core Inflation Rate YoY,5.5,5.5,1
2023-03-14T12:30:00.000Z,Inflation Rate YoY,6.0,6.0,1
2023-03-15T12:30:00.000Z,PPI MoM,-0.1,0.3,1
2023-03-15T12:30:00.000Z,Retail Sales MoM,-0.4,-0.3,1
2023-03-16T12:30:00.000Z,Building Permits Prel,1.524,1.34,1
2023-03-17T14:00:00.000Z,Michigan Consumer Sentiment Prel,63.4,67.0,1
2023-03-22T18:00:00.000Z,Fed Interest Rate Decision,5.0,5.0,1
2023-03-22T18:30:00.000Z,Fed Press Conference,,,1
2023-03-24T12:30:00.000Z,Durable Goods Orders MoM,-1.0,0.6,1
2023-03-31T12:30:00.000Z,Personal Income MoM,0.3,0.2,1
2023-03-31T12:30:00.000Z,Personal Spending MoM,0.2,0.3,1
2023-03-31T12:30:00.000Z,Core PCE Price Index MoM,0.3,0.4,1
2023-04-03T14:00:00.000Z,ISM Manufacturing PMI,46.3,47.5,1
2023-04-04T14:00:00.000Z,JOLTs Job Openings,9.931,10.4,1
2023-04-05T12:30:00.000Z,Balance of Trade,-70.5,-69.0,1
2023-04-05T14:00:00.000Z,ISM Non-Manufacturing PMI,51.2,54.5,1
2023-04-07T12:30:00.000Z,Unemployment Rate,3.5,3.6,1
2023-04-07T12:30:00.000Z,Non Farm Payrolls,236.0,239.0,1
2023-04-12T12:30:00.000Z,Inflation Rate MoM,0.1,0.2,1
2023-04-12T12:30:00.000Z,Core Inflation Rate YoY,5.6,5.6,1
2023-04-12T12:30:00.000Z,Inflation Rate YoY,5.0,5.2,1
2023-04-12T18:00:00.000Z,FOMC Minutes,,,1
2023-04-13T12:30:00.000Z,PPI MoM,-0.5,0.0,1
2023-04-14T12:30:00.000Z,Retail Sales MoM,-1.0,-0.4,1
2023-04-14T14:00:00.000Z,Michigan Consumer Sentiment Prel,63.5,62.0,1
2023-04-18T12:30:00.000Z,Building Permits Prel,1.413,1.45,1
2023-04-26T12:30:00.000Z,Durable Goods Orders MoM,3.2,0.7,1
2023-04-27T12:30:00.000Z,GDP Growth Rate QoQ Adv,1.1,2.0,1
2023-04-28T12:30:00.000Z,Core PCE Price Index MoM,0.3,0.3,1
2023-04-28T12:30:00.000Z,Personal Income MoM,0.3,0.2,1
2023-04-28T12:30:00.000Z,Personal Spending MoM,0.0,-0.1,1
2023-05-01T14:00:00.000Z,ISM Manufacturing PMI,47.1,46.8,1
2023-05-02T14:00:00.000Z,JOLTs Job Openings,9.59,9.775,1
2023-05-03T14:00:00.000Z,ISM Services PMI,51.9,51.8,1
2023-05-03T18:00:00.000Z,Fed Interest Rate Decision,5.25,5.25,1
2023-05-03T18:30:00.000Z,Fed Press Conference,,,1
2023-05-04T12:30:00.000Z,Balance of Trade,-64.2,-63.3,1
2023-05-05T12:30:00.000Z,Non Farm Payrolls,253.0,180.0,1
2023-05-05T12:30:00.000Z,Unemployment Rate,3.4,3.6,1
2023-05-10T12:30:00.000Z,Inflation Rate MoM,0.4,0.4,1
2023-05-10T12:30:00.000Z,Inflation Rate YoY,4.9,5.0,1
2023-05-10T12:30:00.000Z,Core Inflation Rate YoY,5.5,5.5,1
2023-05-11T12:30:00.000Z,PPI MoM,0.2,0.3,1
2023-05-12T14:00:00.000Z,Michigan Consumer Sentiment Prel,57.7,63.0,1
2023-05-16T12:30:00.000Z,Retail Sales MoM,0.4,0.8,1
2023-05-17T12:30:00.000Z,Building Permits Prel,1.416,1.437,1
2023-05-19T15:00:00.000Z,Fed Chair Powell Speech,,,1
2023-05-24T18:00:00.000Z,FOMC Minutes,,,1
2023-05-26T12:30:00.000Z,Durable Goods Orders MoM,1.1,-1.0,1
2023-05-26T12:30:00.000Z,Core PCE Price Index MoM,0.4,0.3,1
2023-05-26T12:30:00.000Z,Personal Spending MoM,0.8,0.4,1
2023-05-26T12:30:00.000Z,Personal Income MoM,0.4,0.4,1
2023-05-31T14:00:00.000Z,JOLTs Job Openings,10.103,9.375,1
2023-06-01T14:00:00.000Z,ISM Manufacturing PMI,46.9,47.0,1
2023-06-02T12:30:00.000Z,Unemployment Rate,3.7,3.5,1
2023-06-02T12:30:00.000Z,Non Farm Payrolls,339.0,190.0,1
2023-06-05T14:00:00.000Z,ISM Services PMI,50.3,52.2,1
2023-06-07T12:30:00.000Z,Balance of Trade,-74.6,-75.2,1
2023-06-13T12:30:00.000Z,Inflation Rate MoM,0.1,0.2,1
2023-06-13T12:30:00.000Z,Core Inflation Rate YoY,5.3,5.3,1
2023-06-13T12:30:00.000Z,Inflation Rate YoY,4.0,4.1,1
2023-06-14T12:30:00.000Z,PPI MoM,-0.3,-0.1,1
2023-06-14T18:00:00.000Z,Fed Interest Rate Decision,5.25,5.25,1
2023-06-14T18:30:00.000Z,Fed Press Conference,,,1
2023-06-15T12:30:00.000Z,Retail Sales MoM,0.3,-0.1,1
2023-06-16T14:00:00.000Z,Michigan Consumer Sentiment Prel,63.9,60.0,1
2023-06-20T12:30:00.000Z,Building Permits Prel,1.491,1.42,1
2023-06-21T14:00:00.000Z,Fed Chair Powell Testimony,,,1
2023-06-22T14:00:00.000Z,Fed Chair Powell Testimony,,,1
2023-06-27T12:30:00.000Z,Durable Goods Orders MoM,1.7,-1.0,1
2023-06-28T13:30:00.000Z,Fed Chair Powell Speech,,,1
2023-06-29T06:30:00.000Z,Fed Chair Powell Speech,,,1
2023-06-30T12:30:00.000Z,Core PCE Price Index MoM,0.3,0.3,1
2023-06-30T12:30:00.000Z,Personal Income MoM,0.4,0.3,1
2023-06-30T12:30:00.000Z,Personal Spending MoM,0.1,0.2,1
2023-07-03T14:00:00.000Z,ISM Manufacturing PMI,46.0,47.0,1
2023-07-05T18:00:00.000Z,FOMC Minutes,,,1
2023-07-06T14:00:00.000Z,ISM Services PMI,53.9,51.0,1
2023-07-06T14:00:00.000Z,JOLTs Job Openings,9.8,9.935,1
2023-07-07T12:30:00.000Z,Non Farm Payrolls,209.0,225.0,1
2023-07-07T12:30:00.000Z,Unemployment Rate,3.6,3.6,1
2023-07-12T12:30:00.000Z,Inflation Rate MoM,0.2,0.3,1
2023-07-12T12:30:00.000Z,Inflation Rate YoY,3.0,3.1,1
2023-07-12T12:30:00.000Z,Core Inflation Rate YoY,4.8,5.0,1
2023-07-12T12:30:00.000Z,Core Inflation Rate MoM,0.2,0.3,1
2023-07-13T12:30:00.000Z,PPI MoM,0.1,0.2,1
2023-07-14T14:00:00.000Z,Michigan Consumer Sentiment Prel,72.6,65.5,1
2023-07-18T12:30:00.000Z,Retail Sales MoM,0.2,0.5,1
2023-07-19T12:30:00.000Z,Building Permits Prel,1.44,1.49,1
2023-07-26T18:00:00.000Z,Fed Interest Rate Decision,5.5,5.5,1
2023-07-26T18:30:00.000Z,Fed Press Conference,,,1
2023-07-27T12:30:00.000Z,GDP Growth Rate QoQ Adv,2.4,1.8,1
2023-07-27T12:30:00.000Z,Durable Goods Orders MoM,4.7,1.0,1
2023-07-28T12:30:00.000Z,Core PCE Price Index MoM,0.2,0.2,1
2023-07-28T12:30:00.000Z,Personal Spending MoM,0.5,0.4,1
2023-07-28T12:30:00.000Z,Personal Income MoM,0.3,0.5,1
2023-08-01T14:00:00.000Z,ISM Manufacturing PMI,46.4,46.8,1
2023-08-01T14:00:00.000Z,JOLTs Job Openings,9.582,9.61,1
2023-08-03T14:00:00.000Z,ISM Services PMI,52.7,53.0,1
2023-08-04T12:30:00.000Z,Unemployment Rate,3.5,3.6,1
2023-08-04T12:30:00.000Z,Non Farm Payrolls,187.0,200.0,1
2023-08-10T12:30:00.000Z,Core Inflation Rate MoM,0.2,0.2,1
2023-08-10T12:30:00.000Z,Inflation Rate MoM,0.2,0.2,1
2023-08-10T12:30:00.000Z,Core Inflation Rate YoY,4.7,4.8,1
2023-08-10T12:30:00.000Z,Inflation Rate YoY,3.2,3.3,1
2023-08-11T12:30:00.000Z,PPI MoM,0.3,0.2,1
2023-08-11T14:00:00.000Z,Michigan Consumer Sentiment Prel,71.2,71.0,1
2023-08-15T12:30:00.000Z,Retail Sales MoM,0.7,0.4,1
2023-08-16T12:30:00.000Z,Building Permits Prel,1.442,1.463,1
2023-08-16T18:00:00.000Z,FOMC Minutes,,,1
2023-08-24T12:30:00.000Z,Durable Goods Orders MoM,-5.2,-4.0,1
2023-08-25T14:05:00.000Z,Fed Chair Powell Speech,,,1
2023-08-29T14:00:00.000Z,JOLTs Job Openings,8.827,9.465,1
2023-08-30T12:30:00.000Z,GDP Growth Rate QoQ 2nd Est,2.1,2.4,1
2023-08-31T12:30:00.000Z,Core PCE Price Index MoM,0.2,0.2,1
2023-08-31T12:30:00.000Z,Personal Income MoM,0.2,0.3,1
2023-08-31T12:30:00.000Z,Personal Spending MoM,0.8,0.7,1
2023-09-01T12:30:00.000Z,Non Farm Payrolls,187.0,170.0,1
2023-09-01T12:30:00.000Z,Unemployment Rate,3.8,3.5,1
2023-09-01T14:00:00.000Z,ISM Manufacturing PMI,47.6,47.0,1
2023-09-06T14:00:00.000Z,ISM Services PMI,54.5,52.5,1
2023-09-13T12:30:00.000Z,Core Inflation Rate MoM,0.3,0.2,1
2023-09-13T12:30:00.000Z,Inflation Rate MoM,0.6,0.6,1
2023-09-13T12:30:00.000Z,Inflation Rate YoY,3.7,3.6,1
2023-09-13T12:30:00.000Z,Core Inflation Rate YoY,4.3,4.3,1
2023-09-14T12:30:00.000Z,Retail Sales MoM,0.6,0.2,1
2023-09-14T12:30:00.000Z,PPI MoM,0.7,0.4,1
2023-09-15T14:00:00.000Z,Michigan Consumer Sentiment Prel,67.7,69.1,1
2023-09-19T12:30:00.000Z,Building Permits Prel,1.543,1.443,1
2023-09-20T18:00:00.000Z,Fed Interest Rate Decision,5.5,5.5,1
2023-09-20T18:30:00.000Z,Fed Press Conference,,,1
2023-09-27T12:30:00.000Z,Durable Goods Orders MoM,0.2,-0.5,1
2023-09-28T12:30:00.000Z,GDP Growth Rate QoQ Final,2.1,2.1,1
2023-09-29T12:30:00.000Z,Core PCE Price Index MoM,0.1,0.2,1
2023-09-29T12:30:00.000Z,Personal Spending MoM,0.4,0.4,1
2023-09-29T12:30:00.000Z,Personal Income MoM,0.4,0.4,1
2023-10-02T14:00:00.000Z,ISM Manufacturing PMI,49.0,47.8,1
2023-10-03T14:00:00.000Z,JOLTs Job Openings,9.61,8.8,1
2023-10-04T14:00:00.000Z,ISM Services PMI,53.6,53.6,1
2023-10-06T12:30:00.000Z,Unemployment Rate,3.8,3.7,1
2023-10-06T12:30:00.000Z,Non Farm Payrolls,336.0,170.0,1
2023-10-11T12:30:00.000Z,PPI MoM,0.5,0.3,1
2023-10-11T18:00:00.000Z,FOMC Minutes,,,1
2023-10-12T12:30:00.000Z,Core Inflation Rate MoM,0.3,0.3,1
2023-10-12T12:30:00.000Z,Inflation Rate MoM,0.4,0.3,1
2023-10-12T12:30:00.000Z,Core Inflation Rate YoY,4.1,4.1,1
2023-10-12T12:30:00.000Z,Inflation Rate YoY,3.7,3.6,1
2023-10-13T14:00:00.000Z,Michigan Consumer Sentiment Prel,63.0,67.2,1
2023-10-17T12:30:00.000Z,Retail Sales MoM,0.7,0.3,1
2023-10-18T12:30:00.000Z,Building Permits Prel,1.473,1.45,1
2023-10-19T16:00:00.000Z,Fed Chair Powell Speech,,,1
2023-10-25T20:35:00.000Z,Fed Chair Powell Speech,,,1
2023-10-26T12:30:00.000Z,Durable Goods Orders MoM,4.7,1.7,1
2023-10-26T12:30:00.000Z,GDP Growth Rate QoQ Adv,4.9,4.3,1
2023-10-27T12:30:00.000Z,Core PCE Price Index MoM,0.3,0.3,1
2023-10-27T12:30:00.000Z,Personal Income MoM,0.3,0.4,1
2023-10-27T12:30:00.000Z,Personal Spending MoM,0.7,0.5,1
2023-11-01T14:00:00.000Z,ISM Manufacturing PMI,46.7,49.0,1
2023-11-01T14:00:00.000Z,JOLTs Job Openings,9.553,9.25,1
2023-11-01T18:00:00.000Z,Fed Interest Rate Decision,5.5,5.5,1
2023-11-01T18:30:00.000Z,Fed Press Conference,,,1
2023-11-03T12:30:00.000Z,Non Farm Payrolls,150.0,180.0,1
2023-11-03T12:30:00.000Z,Unemployment Rate,3.9,3.8,1
2023-11-03T14:00:00.000Z,ISM Services PMI,51.8,53.0,1
2023-11-08T14:15:00.000Z,Fed Chair Powell Speech,,,1
2023-11-09T19:00:00.000Z,Fed Chair Powell Speech,,,1
2023-11-10T15:00:00.000Z,Michigan Consumer Sentiment Prel,60.4,63.7,1
2023-11-14T13:30:00.000Z,Inflation Rate MoM,0.0,0.1,1
2023-11-14T13:30:00.000Z,Core Inflation Rate MoM,0.2,0.3,1
2023-11-14T13:30:00.000Z,Inflation Rate YoY,3.2,3.3,1
2023-11-14T13:30:00.000Z,Core Inflation Rate YoY,4.0,4.1,1
2023-11-15T13:30:00.000Z,PPI MoM,-0.5,0.1,1
2023-11-15T13:30:00.000Z,Retail Sales MoM,-0.1,-0.3,1
2023-11-17T13:30:00.000Z,Building Permits Prel,1.487,1.45,1
2023-11-21T19:00:00.000Z,FOMC Minutes,,,1
2023-11-22T13:30:00.000Z,Durable Goods Orders MoM,-5.4,-3.1,1
2023-11-29T13:30:00.000Z,GDP Growth Rate QoQ 2nd Est,5.2,5.0,1
2023-11-30T13:30:00.000Z,Core PCE Price Index MoM,0.2,0.2,1
2023-11-30T13:30:00.000Z,Personal Spending MoM,0.2,0.2,1
2023-11-30T13:30:00.000Z,Personal Income MoM,0.2,0.2,1
2023-12-01T15:00:00.000Z,ISM Manufacturing PMI,46.7,47.6,1
2023-12-01T16:00:00.000Z,Fed Chair Powell Speech,,,1
2023-12-05T15:00:00.000Z,JOLTs Job Openings,8.733,9.3,1
2023-12-05T15:00:00.000Z,ISM Services PMI,52.7,52.0,1
2023-12-08T13:30:00.000Z,Unemployment Rate,3.7,3.9,1
2023-12-08T13:30:00.000Z,Non Farm Payrolls,199.0,180.0,1
2023-12-08T15:00:00.000Z,Michigan Consumer Sentiment Prel,69.4,62.0,1
2023-12-12T13:30:00.000Z,Inflation Rate MoM,0.1,0.0,1
2023-12-12T13:30:00.000Z,Core Inflation Rate MoM,0.3,0.3,1
2023-12-12T13:30:00.000Z,Core Inflation Rate YoY,4.0,4.0,1
2023-12-12T13:30:00.000Z,Inflation Rate YoY,3.1,3.1,1
2023-12-13T13:30:00.000Z,PPI MoM,0.0,0.1,1
2023-12-13T19:00:00.000Z,Fed Interest Rate Decision,5.5,5.5,1
2023-12-13T19:00:00.000Z,FOMC Economic Projections,,,1
2023-12-13T19:30:00.000Z,Fed Press Conference,,,1
2023-12-14T13:30:00.000Z,Retail Sales MoM,0.3,-0.1,1
2023-12-19T13:30:00.000Z,Building Permits Prel,1.46,1.47,1
2023-12-21T13:30:00.000Z,GDP Growth Rate QoQ Final,4.9,5.2,1
2023-12-22T13:30:00.000Z,Core PCE Price Index MoM,0.1,0.2,1
2023-12-22T13:30:00.000Z,Personal Income MoM,0.4,0.4,1
2023-12-22T13:30:00.000Z,Personal Spending MoM,0.2,0.3,1
2023-12-22T13:30:00.000Z,Durable Goods Orders MoM,5.4,2.2,1
2024-01-03T15:00:00.000Z,ISM Manufacturing PMI,47.4,47.1,1
2024-01-03T15:00:00.000Z,JOLTs Job Openings,8.79,8.85,1
2024-01-03T19:00:00.000Z,FOMC Minutes,,,1
2024-01-05T13:30:00.000Z,Non Farm Payrolls,216.0,170.0,1
2024-01-05T15:00:00.000Z,ISM Services PMI,50.6,52.6,1
2024-01-11T13:30:00.000Z,Inflation Rate MoM,0.3,0.2,1
2024-01-11T13:30:00.000Z,Core Inflation Rate MoM,0.3,0.3,1
2024-01-11T13:30:00.000Z,Inflation Rate YoY,3.4,3.2,1
2024-01-11T13:30:00.000Z,Core Inflation Rate YoY,3.9,3.8,1
2024-01-12T13:30:00.000Z,PPI MoM,-0.1,0.1,1
2024-01-17T13:30:00.000Z,Retail Sales MoM,0.6,0.4,1
2024-01-18T13:30:00.000Z,Building Permits Prel,1.495,1.48,1
2024-01-19T15:00:00.000Z,Michigan Consumer Sentiment Prel,78.8,70.0,1
2024-01-25T13:30:00.000Z,Durable Goods Orders MoM,0.0,1.1,1
2024-01-25T13:30:00.000Z,GDP Growth Rate QoQ Adv,3.3,2.0,1
2024-01-26T13:30:00.000Z,Core PCE Price Index MoM,0.2,0.2,1
2024-01-26T13:30:00.000Z,Personal Income MoM,0.3,0.3,1
2024-01-26T13:30:00.000Z,Personal Spending MoM,0.7,0.4,1
2024-01-30T15:00:00.000Z,JOLTs Job Openings,9.026,8.75,1
2024-01-31T19:00:00.000Z,Fed Interest Rate Decision,5.5,5.5,1
2024-01-31T19:30:00.000Z,Fed Press Conference,,,1
2024-02-01T15:00:00.000Z,ISM Manufacturing PMI,49.1,47.0,1
2024-02-02T13:30:00.000Z,Unemployment Rate,3.7,3.8,1
2024-02-02T13:30:00.000Z,Non Farm Payrolls,353.0,180.0,1
2024-02-05T15:00:00.000Z,ISM Services PMI,53.4,52.0,1
2024-02-13T13:30:00.000Z,Core Inflation Rate MoM,0.4,0.3,1
2024-02-13T13:30:00.000Z,Inflation Rate MoM,0.3,0.2,1
2024-02-13T13:30:00.000Z,Inflation Rate YoY,3.1,2.9,1
2024-02-13T13:30:00.000Z,Core Inflation Rate YoY,3.9,3.7,1
2024-02-15T13:30:00.000Z,Retail Sales MoM,-0.8,-0.1,1
2024-02-16T13:30:00.000Z,PPI MoM,0.3,0.1,1
2024-02-16T13:30:00.000Z,Building Permits Prel,1.47,1.509,1
2024-02-16T15:00:00.000Z,Michigan Consumer Sentiment Prel,79.6,80.0,1
2024-02-21T19:00:00.000Z,FOMC Minutes,,,1
2024-02-27T13:30:00.000Z,Durable Goods Orders MoM,-6.1,-4.5,1
2024-02-28T13:30:00.000Z,GDP Growth Rate QoQ 2nd Est,3.2,3.3,1
2024-02-29T13:30:00.000Z,Personal Income MoM,1.0,0.4,1
2024-02-29T13:30:00.000Z,Personal Spending MoM,0.2,0.2,1
2024-02-29T13:30:00.000Z,Core PCE Price Index MoM,0.4,0.4,1
2024-03-01T15:00:00.000Z,ISM Manufacturing PMI,47.8,49.5,1
2024-03-05T15:00:00.000Z,ISM Services PMI,52.6,53.0,1
2024-03-06T15:00:00.000Z,JOLTs Job Openings,8.863,8.9,1
2024-03-06T15:00:00.000Z,Fed Chair Powell Testimony,,,1
2024-03-07T15:00:00.000Z,Fed Chair Powell Testimony,,,1
2024-03-08T13:30:00.000Z,Non Farm Payrolls,275.0,200.0,1
2024-03-08T13:30:00.000Z,Unemployment Rate,3.9,3.7,1
2024-03-12T12:30:00.000Z,Inflation Rate MoM,0.4,0.4,1
2024-03-12T12:30:00.000Z,Core Inflation Rate MoM,0.4,0.3,1
2024-03-12T12:30:00.000Z,Core Inflation Rate YoY,3.8,3.7,1
2024-03-12T12:30:00.000Z,Inflation Rate YoY,3.2,3.1,1
2024-03-14T12:30:00.000Z,PPI MoM,0.6,0.3,1
2024-03-14T12:30:00.000Z,Retail Sales MoM,0.6,0.8,1
2024-03-15T14:00:00.000Z,Michigan Consumer Sentiment Prel,76.5,76.9,1
2024-03-19T12:30:00.000Z,Building Permits Prel,1.518,1.495,1
2024-03-20T18:00:00.000Z,Fed Interest Rate Decision,5.5,5.5,1
2024-03-20T18:00:00.000Z,FOMC Economic Projections,,,1
2024-03-20T18:30:00.000Z,Fed Press Conference,,,1
2024-03-26T12:30:00.000Z,Durable Goods Orders MoM,1.4,1.1,1
2024-03-28T12:30:00.000Z,GDP Growth Rate QoQ Final,3.4,3.2,1
2024-03-29T12:30:00.000Z,Personal Income MoM,0.3,0.4,1
2024-03-29T12:30:00.000Z,Personal Spending MoM,0.8,0.5,1
2024-03-29T12:30:00.000Z,Core PCE Price Index MoM,0.3,0.3,1
2024-03-29T15:30:00.000Z,Fed Chair Powell Speech,,,1
2024-04-01T14:00:00.000Z,ISM Manufacturing PMI,50.3,48.4,1
2024-04-02T14:00:00.000Z,JOLTs Job Openings,8.756,8.75,1
2024-04-03T14:00:00.000Z,ISM Services PMI,51.4,52.7,1
2024-04-03T16:10:00.000Z,Fed Chair Powell Speech,,,1
2024-04-05T12:30:00.000Z,Unemployment Rate,3.8,3.9,1
2024-04-05T12:30:00.000Z,Non Farm Payrolls,303.0,200.0,1
2024-04-10T12:30:00.000Z,Inflation Rate MoM,0.4,0.3,1
2024-04-10T12:30:00.000Z,Core Inflation Rate MoM,0.4,0.3,1
2024-04-10T12:30:00.000Z,Core Inflation Rate YoY,3.8,3.7,1
2024-04-10T12:30:00.000Z,Inflation Rate YoY,3.5,3.4,1
2024-04-10T18:00:00.000Z,FOMC Minutes,,,1
2024-04-11T12:30:00.000Z,PPI MoM,0.2,0.3,1
2024-04-12T14:00:00.000Z,Michigan Consumer Sentiment Prel,77.9,79.0,1
2024-04-15T12:30:00.000Z,Retail Sales MoM,0.7,0.3,1
2024-04-16T12:30:00.000Z,Building Permits Prel,1.458,1.514,1
2024-04-16T17:15:00.000Z,Fed Chair Powell Speech,,,1
2024-04-24T12:30:00.000Z,Durable Goods Orders MoM,2.6,2.5,1
2024-04-25T12:30:00.000Z,GDP Growth Rate QoQ Adv,1.6,2.5,1
2024-04-26T12:30:00.000Z,Core PCE Price Index MoM,0.3,0.3,1
2024-04-26T12:30:00.000Z,Personal Income MoM,0.5,0.5,1
2024-04-26T12:30:00.000Z,Personal Spending MoM,0.8,0.6,1
2024-05-01T14:00:00.000Z,ISM Manufacturing PMI,49.2,50.0,1
2024-05-01T14:00:00.000Z,JOLTs Job Openings,8.488,8.69,1
2024-05-01T18:00:00.000Z,Fed Interest Rate Decision,5.5,5.5,1
2024-05-01T18:30:00.000Z,Fed Press Conference,,,1
2024-05-03T12:30:00.000Z,Non Farm Payrolls,175.0,243.0,1
2024-05-03T12:30:00.000Z,Unemployment Rate,3.9,3.8,1
2024-05-03T14:00:00.000Z,ISM Services PMI,49.4,52.0,1
2024-05-10T14:00:00.000Z,Michigan Consumer Sentiment Prel,67.4,76.0,1
2024-05-14T12:30:00.000Z,PPI MoM,0.5,0.3,1
2024-05-14T14:00:00.000Z,Fed Chair Powell Speech,,,1
2024-05-15T12:30:00.000Z,Retail Sales MoM,0.0,0.4,1
2024-05-15T12:30:00.000Z,Inflation Rate MoM,0.3,0.4,1
2024-05-15T12:30:00.000Z,Core Inflation Rate MoM,0.3,0.3,1
2024-05-15T12:30:00.000Z,Inflation Rate YoY,3.4,3.4,1
2024-05-15T12:30:00.000Z,Core Inflation Rate YoY,3.6,3.6,1
2024-05-16T12:30:00.000Z,Building Permits Prel,1.44,1.48,1
2024-05-19T19:30:00.000Z,Fed Chair Powell Speech,,,1
2024-05-22T18:00:00.000Z,FOMC Minutes,,,1
2024-05-24T12:30:00.000Z,Durable Goods Orders MoM,0.7,-0.8,1
2024-05-30T12:30:00.000Z,GDP Growth Rate QoQ 2nd Est,1.3,1.3,1
2024-05-31T12:30:00.000Z,Core PCE Price Index MoM,0.2,0.3,1
2024-05-31T12:30:00.000Z,Personal Spending MoM,0.2,0.3,1
2024-05-31T12:30:00.000Z,Personal Income MoM,0.3,0.3,1
2024-06-03T14:00:00.000Z,ISM Manufacturing PMI,48.7,49.6,1
2024-06-04T14:00:00.000Z,JOLTs Job Openings,8.059,8.34,1
2024-06-05T14:00:00.000Z,ISM Services PMI,53.8,50.8,1
2024-06-07T12:30:00.000Z,Unemployment Rate,4.0,3.9,1
2024-06-07T12:30:00.000Z,Non Farm Payrolls,272.0,185.0,1
2024-06-12T12:30:00.000Z,Core Inflation Rate MoM,0.2,0.3,1
2024-06-12T12:30:00.000Z,Inflation Rate MoM,0.0,0.1,1
2024-06-12T12:30:00.000Z,Core Inflation Rate YoY,3.4,3.5,1
2024-06-12T12:30:00.000Z,Inflation Rate YoY,3.3,3.4,1
2024-06-12T18:00:00.000Z,Fed Interest Rate Decision,5.5,5.5,1
2024-06-12T18:00:00.000Z,FOMC Economic Projections,,,1
2024-06-12T18:30:00.000Z,Fed Press Conference,,,1
2024-06-13T12:30:00.000Z,PPI MoM,-0.2,0.1,1
2024-06-14T14:00:00.000Z,Michigan Consumer Sentiment Prel,65.6,72.0,1
2024-06-18T12:30:00.000Z,Retail Sales MoM,0.1,0.2,1
2024-06-20T12:30:00.000Z,Building Permits Prel,1.386,1.45,1
2024-06-27T12:30:00.000Z,Durable Goods Orders MoM,0.1,-0.1,1
2024-06-27T12:30:00.000Z,GDP Growth Rate QoQ Final,1.4,1.4,1
2024-06-28T12:30:00.000Z,Core PCE Price Index MoM,0.1,0.1,1
2024-06-28T12:30:00.000Z,Personal Income MoM,0.5,0.4,1
2024-06-28T12:30:00.000Z,Personal Spending MoM,0.2,0.3,1
2024-07-01T14:00:00.000Z,ISM Manufacturing PMI,48.5,49.1,1
2024-07-02T13:30:00.000Z,Fed Chair Powell Speech,,,1
2024-07-02T14:00:00.000Z,JOLTs Job Openings,8.14,7.91,1
2024-07-03T14:00:00.000Z,ISM Services PMI,48.8,52.5,1
2024-07-03T18:00:00.000Z,FOMC Minutes,,,1
2024-07-05T12:30:00.000Z,Non Farm Payrolls,206.0,190.0,1
2024-07-05T12:30:00.000Z,Unemployment Rate,4.1,4.0,1
2024-07-09T14:00:00.000Z,Fed Chair Powell Testimony,,,1
2024-07-10T14:00:00.000Z,Fed Chair Powell Testimony,,,1
2024-07-11T12:30:00.000Z,Inflation Rate MoM,-0.1,0.1,1
2024-07-11T12:30:00.000Z,Inflation Rate YoY,3.0,3.1,1
2024-07-11T12:30:00.000Z,Core Inflation Rate YoY,3.3,3.4,1
2024-07-11T12:30:00.000Z,Core Inflation Rate MoM,0.1,0.2,1
2024-07-12T12:30:00.000Z,PPI MoM,0.2,0.1,1
2024-07-12T14:00:00.000Z,Michigan Consumer Sentiment Prel,66.0,68.5,1
2024-07-15T16:30:00.000Z,Fed Chair Powell Speech,,,1
2024-07-16T12:30:00.000Z,Retail Sales MoM,0.0,0.0,1
2024-07-17T12:30:00.000Z,Building Permits Prel,1.446,1.4,1
2024-07-25T12:30:00.000Z,Durable Goods Orders MoM,-6.6,0.3,1
2024-07-25T12:30:00.000Z,GDP Growth Rate QoQ Adv,2.8,2.0,1
2024-07-26T12:30:00.000Z,Core PCE Price Index MoM,0.2,0.1,1
2024-07-26T12:30:00.000Z,Personal Spending MoM,0.3,0.3,1
2024-07-26T12:30:00.000Z,Personal Income MoM,0.2,0.4,1
2024-07-30T14:00:00.000Z,JOLTs Job Openings,8.184,8.0,1
2024-07-31T18:00:00.000Z,Fed Interest Rate Decision,5.5,5.5,1
2024-07-31T18:30:00.000Z,Fed Press Conference,,,1
2024-08-01T14:00:00.000Z,ISM Manufacturing PMI,46.8,48.8,1
2024-08-02T12:30:00.000Z,Unemployment Rate,4.3,4.1,1
2024-08-02T12:30:00.000Z,Non Farm Payrolls,114.0,175.0,1
2024-08-05T14:00:00.000Z,ISM Services PMI,51.4,51.0,1
2024-08-13T12:30:00.000Z,PPI MoM,0.1,0.2,1
2024-08-14T12:30:00.000Z,Core Inflation Rate MoM,0.2,0.2,1
2024-08-14T12:30:00.000Z,Inflation Rate MoM,0.2,0.2,1
2024-08-14T12:30:00.000Z,Core Inflation Rate YoY,3.2,3.2,1
2024-08-14T12:30:00.000Z,Inflation Rate YoY,2.9,3.0,1
2024-08-15T12:30:00.000Z,Retail Sales MoM,1.0,0.3,1
2024-08-16T12:30:00.000Z,Building Permits Prel,1.396,1.43,1
2024-08-16T14:00:00.000Z,Michigan Consumer Sentiment Prel,67.8,66.9,1
2024-08-21T14:00:00.000Z,Non Farm Payrolls Annual Revision,-818.0,,1
2024-08-21T18:00:00.000Z,FOMC Minutes,,,1
2024-08-23T14:00:00.000Z,Fed Chair Powell Speech,,,1
2024-08-26T12:30:00.000Z,Durable Goods Orders MoM,9.9,5.0,1
2024-08-29T12:30:00.000Z,GDP Growth Rate QoQ 2nd Est,3.0,2.8,1
2024-08-30T12:30:00.000Z,Core PCE Price Index MoM,0.2,0.2,1
2024-08-30T12:30:00.000Z,Personal Income MoM,0.3,0.2,1
2024-08-30T12:30:00.000Z,Personal Spending MoM,0.5,0.5,1
2024-09-03T14:00:00.000Z,ISM Manufacturing PMI,47.2,47.5,1
2024-09-04T14:00:00.000Z,JOLTs Job Openings,7.673,8.1,1
2024-09-05T14:00:00.000Z,ISM Services PMI,51.5,51.1,1
2024-09-06T12:30:00.000Z,Non Farm Payrolls,142.0,160.0,1
2024-09-06T12:30:00.000Z,Unemployment Rate,4.2,4.2,1
2024-09-11T12:30:00.000Z,Core Inflation Rate MoM,0.3,0.2,1
2024-09-11T12:30:00.000Z,Inflation Rate MoM,0.2,0.2,1
2024-09-11T12:30:00.000Z,Inflation Rate YoY,2.5,2.6,1
2024-09-11T12:30:00.000Z,Core Inflation Rate YoY,3.2,3.2,1
2024-09-12T12:30:00.000Z,PPI MoM,0.2,0.1,1
2024-09-13T14:00:00.000Z,Michigan Consumer Sentiment Prel,69.0,68.0,1
2024-09-17T12:30:00.000Z,Retail Sales MoM,0.1,-0.2,1
2024-09-18T12:30:00.000Z,Building Permits Prel,1.475,1.41,1
2024-09-18T18:00:00.000Z,FOMC Economic Projections,,,1
2024-09-18T18:00:00.000Z,Fed Interest Rate Decision,5.0,5.25,1
2024-09-18T18:30:00.000Z,Fed Press Conference,,,1
2024-09-26T12:30:00.000Z,GDP Growth Rate QoQ Final,3.0,3.0,1
2024-09-26T12:30:00.000Z,Durable Goods Orders MoM,0.0,-2.6,1
2024-09-26T13:20:00.000Z,Fed Chair Powell Speech,,,1
2024-09-27T12:30:00.000Z,Core PCE Price Index MoM,0.1,0.2,1
2024-09-27T12:30:00.000Z,Personal Spending MoM,0.2,0.3,1
2024-09-27T12:30:00.000Z,Personal Income MoM,0.2,0.4,1
2024-09-30T17:55:00.000Z,Fed Chair Powell Speech,,,1
2024-10-01T14:00:00.000Z,ISM Manufacturing PMI,47.2,47.5,1
2024-10-01T14:00:00.000Z,JOLTs Job Openings,8.04,7.655,1
2024-10-03T14:00:00.000Z,ISM Services PMI,54.9,51.7,1
2024-10-04T12:30:00.000Z,Unemployment Rate,4.1,4.2,1
2024-10-04T12:30:00.000Z,Non Farm Payrolls,254.0,140.0,1
2024-10-09T18:00:00.000Z,FOMC Minutes,,,1
2024-10-10T12:30:00.000Z,Core Inflation Rate MoM,0.3,0.2,1
2024-10-10T12:30:00.000Z,Inflation Rate MoM,0.2,0.1,1
2024-10-10T12:30:00.000Z,Core Inflation Rate YoY,3.3,3.2,1
2024-10-10T12:30:00.000Z,Inflation Rate YoY,2.4,2.3,1
2024-10-11T12:30:00.000Z,PPI MoM,0.0,0.1,1
2024-10-11T14:00:00.000Z,Michigan Consumer Sentiment Prel,68.9,70.8,1
2024-10-17T12:30:00.000Z,Retail Sales MoM,0.4,0.3,1
2024-10-18T12:30:00.000Z,Building Permits Prel,1.428,1.46,1
2024-10-25T12:30:00.000Z,Durable Goods Orders MoM,-0.8,-1.0,1
2024-10-29T14:00:00.000Z,JOLTs Job Openings,7.443,7.99,1
2024-10-30T12:30:00.000Z,GDP Growth Rate QoQ Adv,2.8,3.0,1
2024-10-31T12:30:00.000Z,Core PCE Price Index MoM,0.3,0.3,1
2024-10-31T12:30:00.000Z,Personal Income MoM,0.3,0.3,1
2024-10-31T12:30:00.000Z,Personal Spending MoM,0.5,0.4,1
2024-11-01T12:30:00.000Z,Non Farm Payrolls,12.0,113.0,1
2024-11-01T12:30:00.000Z,Unemployment Rate,4.1,4.1,1
2024-11-01T14:00:00.000Z,ISM Manufacturing PMI,46.5,47.6,1
2024-11-05T12:00:00.000Z,Presidential Election,,,1
2024-11-05T15:00:00.000Z,ISM Services PMI,56.0,53.8,1
2024-11-07T19:00:00.000Z,Fed Interest Rate Decision,4.75,4.75,1
2024-11-07T19:30:00.000Z,Fed Press Conference,,,1
2024-11-08T15:00:00.000Z,Michigan Consumer Sentiment Prel,73.0,71.0,1
2024-11-13T13:30:00.000Z,Inflation Rate MoM,0.2,0.2,1
2024-11-13T13:30:00.000Z,Core Inflation Rate MoM,0.3,0.3,1
2024-11-13T13:30:00.000Z,Core Inflation Rate YoY,3.3,3.3,1
2024-11-13T13:30:00.000Z,Inflation Rate YoY,2.6,2.6,1
2024-11-14T13:30:00.000Z,PPI MoM,0.2,0.2,1
2024-11-14T20:00:00.000Z,Fed Chair Powell Speech,,,1
2024-11-15T13:30:00.000Z,Retail Sales MoM,0.4,0.3,1
2024-11-19T13:30:00.000Z,Building Permits Prel,1.416,1.43,1
2024-11-26T19:00:00.000Z,FOMC Minutes,,,1
2024-11-27T13:30:00.000Z,Durable Goods Orders MoM,0.2,0.5,1
2024-11-27T13:30:00.000Z,GDP Growth Rate QoQ 2nd Est,2.8,2.8,1
2024-11-27T15:00:00.000Z,Core PCE Price Index MoM,0.3,0.3,1
2024-11-27T15:00:00.000Z,Personal Spending MoM,0.4,0.3,1
2024-11-27T15:00:00.000Z,Personal Income MoM,0.6,0.3,1
2024-12-02T15:00:00.000Z,ISM Manufacturing PMI,48.4,47.5,1
2024-12-03T15:00:00.000Z,JOLTs Job Openings,7.744,7.48,1
2024-12-04T15:00:00.000Z,ISM Services PMI,52.1,55.5,1
2024-12-04T18:40:00.000Z,Fed Chair Powell Speech,,,1
2024-12-06T13:30:00.000Z,Unemployment Rate,4.2,4.2,1
2024-12-06T13:30:00.000Z,Non Farm Payrolls,227.0,200.0,1
2024-12-06T15:00:00.000Z,Michigan Consumer Sentiment Prel,74.0,73.0,1
2024-12-11T13:30:00.000Z,Inflation Rate MoM,0.3,0.3,1
2024-12-11T13:30:00.000Z,Core Inflation Rate MoM,0.3,0.3,1
2024-12-11T13:30:00.000Z,Core Inflation Rate YoY,3.3,3.3,1
2024-12-11T13:30:00.000Z,Inflation Rate YoY,2.7,2.7,1
2024-12-12T13:30:00.000Z,PPI MoM,0.4,0.2,1
2024-12-17T13:30:00.000Z,Retail Sales MoM,0.7,0.5,1
2024-12-18T13:30:00.000Z,Building Permits Prel,1.505,1.43,1
2024-12-18T19:00:00.000Z,FOMC Economic Projections,,,1
2024-12-18T19:00:00.000Z,Fed Interest Rate Decision,4.5,4.5,1
2024-12-18T19:30:00.000Z,Fed Press Conference,,,1
2024-12-19T13:30:00.000Z,GDP Growth Rate QoQ Final,3.1,2.8,1
2024-12-20T13:30:00.000Z,Core PCE Price Index MoM,0.1,0.2,1
2024-12-20T13:30:00.000Z,Personal Income MoM,0.3,0.4,1
2024-12-20T13:30:00.000Z,Personal Spending MoM,0.4,0.5,1
2024-12-23T14:30:00.000Z,Durable Goods Orders MoM,-1.1,-0.4,1
2025-01-03T15:00:00.000Z,ISM Manufacturing PMI,49.3,48.4,1
2025-01-07T15:00:00.000Z,ISM Services PMI,54.1,53.3,1
2025-01-07T15:00:00.000Z,JOLTs Job Openings,8.098,7.7,1
2025-01-08T19:00:00.000Z,FOMC Minutes,,,1
2025-01-10T13:30:00.000Z,Non Farm Payrolls,256.0,160.0,1
2025-01-10T13:30:00.000Z,Unemployment Rate,4.1,4.2,1
2025-01-10T15:00:00.000Z,Michigan Consumer Sentiment Prel,73.2,73.8,1
2025-01-14T13:30:00.000Z,PPI MoM,0.2,0.3,1
2025-01-15T13:30:00.000Z,Core Inflation Rate MoM,0.2,0.2,1
2025-01-15T13:30:00.000Z,Inflation Rate MoM,0.4,0.3,1
2025-01-15T13:30:00.000Z,Inflation Rate YoY,2.9,2.9,1
2025-01-15T13:30:00.000Z,Core Inflation Rate YoY,3.2,3.3,1
2025-01-16T13:30:00.000Z,Retail Sales MoM,0.4,0.6,1
2025-01-17T13:30:00.000Z,Building Permits Prel,1.483,1.46,1
2025-01-17T13:30:00.000Z,Housing Starts,1.499,1.32,1
2025-01-20T17:00:00.000Z,Inauguration Day,,,1
2025-01-24T15:00:00.000Z,Existing Home Sales,4.24,4.19,1
2025-01-28T13:30:00.000Z,Durable Goods Orders MoM,-2.2,0.6,1
2025-01-29T19:00:00.000Z,Fed Interest Rate Decision,4.5,4.5,1
2025-01-29T19:30:00.000Z,Fed Press Conference,,,1
2025-01-30T13:30:00.000Z,GDP Growth Rate QoQ Adv,2.3,2.6,1
2025-01-31T13:30:00.000Z,Core PCE Price Index MoM,0.2,0.2,1
2025-01-31T13:30:00.000Z,Personal Income MoM,0.4,0.4,1
2025-01-31T13:30:00.000Z,Personal Spending MoM,0.7,0.5,1
2025-02-03T15:00:00.000Z,ISM Manufacturing PMI,50.9,49.8,1
2025-02-04T15:00:00.000Z,JOLTs Job Openings,7.6,8.0,1
2025-02-05T15:00:00.000Z,ISM Services PMI,52.8,54.3,1
2025-02-07T13:30:00.000Z,Unemployment Rate,4.0,4.1,1
2025-02-07T13:30:00.000Z,Non Farm Payrolls,143.0,170.0,1
2025-02-07T15:00:00.000Z,Michigan Consumer Sentiment Prel,67.8,71.1,1
2025-02-11T15:00:00.000Z,Fed Chair Powell Testimony,,,1
2025-02-12T13:30:00.000Z,Inflation Rate MoM,0.5,0.3,1
2025-02-12T13:30:00.000Z,Core Inflation Rate MoM,0.4,0.3,1
2025-02-12T13:30:00.000Z,Inflation Rate YoY,3.0,2.9,1
2025-02-12T13:30:00.000Z,Core Inflation Rate YoY,3.3,3.1,1
2025-02-12T15:00:00.000Z,Fed Chair Powell Testimony,,,1
2025-02-13T13:30:00.000Z,PPI MoM,0.4,0.3,1
2025-02-14T13:30:00.000Z,Retail Sales MoM,-0.9,-0.1,1
2025-02-19T13:30:00.000Z,Housing Starts,1.366,1.4,1
2025-02-19T13:30:00.000Z,Building Permits Prel,1.483,1.46,1
2025-02-19T19:00:00.000Z,FOMC Minutes,,,1
2025-02-21T15:00:00.000Z,Existing Home Sales,4.08,4.12,1
2025-02-27T13:30:00.000Z,Durable Goods Orders MoM,3.1,2.0,1
2025-02-27T13:30:00.000Z,GDP Growth Rate QoQ 2nd Est,2.3,2.3,1
2025-02-28T13:30:00.000Z,Personal Income MoM,0.9,0.3,1
2025-02-28T13:30:00.000Z,Core PCE Price Index MoM,0.3,0.3,1
2025-02-28T13:30:00.000Z,Personal Spending MoM,-0.2,0.1,1
2025-03-03T15:00:00.000Z,ISM Manufacturing PMI,50.3,50.5,1
2025-03-05T15:00:00.000Z,ISM Services PMI,53.5,52.6,1
2025-03-07T13:30:00.000Z,Non Farm Payrolls,151.0,160.0,1
2025-03-07T13:30:00.000Z,Unemployment Rate,4.1,4.0,1
2025-03-07T17:30:00.000Z,Fed Chair Powell Speech,,,1
2025-03-11T14:00:00.000Z,JOLTs Job Openings,7.74,7.63,1
2025-03-12T12:30:00.000Z,Inflation Rate MoM,0.2,0.3,1
2025-03-12T12:30:00.000Z,Inflation Rate YoY,2.8,2.9,1
2025-03-12T12:30:00.000Z,Core Inflation Rate MoM,0.2,0.3,1
2025-03-12T12:30:00.000Z,Core Inflation Rate YoY,3.1,3.2,1
2025-03-13T12:30:00.000Z,PPI MoM,0.0,0.3,1
2025-03-14T14:00:00.000Z,Michigan Consumer Sentiment Prel,57.9,63.1,1
2025-03-17T12:30:00.000Z,Retail Sales MoM,0.2,0.6,1
2025-03-18T12:30:00.000Z,Housing Starts,1.501,1.38,1
2025-03-18T12:30:00.000Z,Building Permits Prel,1.456,1.45,1
2025-03-19T18:00:00.000Z,Fed Interest Rate Decision,4.5,4.5,1
2025-03-19T18:00:00.000Z,FOMC Economic Projections,,,1
2025-03-19T18:30:00.000Z,Fed Press Conference,,,1
2025-03-20T14:00:00.000Z,Existing Home Sales,4.26,3.95,1
2025-03-26T12:30:00.000Z,Durable Goods Orders MoM,0.9,-1.0,1
2025-03-27T12:30:00.000Z,GDP Growth Rate QoQ Final,2.4,2.3,1
2025-03-28T12:30:00.000Z,Personal Income MoM,0.8,0.4,1
2025-03-28T12:30:00.000Z,Personal Spending MoM,0.4,0.5,1
2025-03-28T12:30:00.000Z,Core PCE Price Index MoM,0.4,0.3,1
2025-04-01T14:00:00.000Z,ISM Manufacturing PMI,49.0,49.5,1
2025-04-01T14:00:00.000Z,JOLTs Job Openings,7.568,7.63,1
2025-04-02T20:00:00.000Z,Reciprocal Tariff Plan Announcement,,,1
2025-04-03T14:00:00.000Z,ISM Services PMI,50.8,53.0,1
2025-04-04T12:30:00.000Z,Unemployment Rate,4.2,4.1,1
2025-04-04T12:30:00.000Z,Non Farm Payrolls,228.0,135.0,1
2025-04-04T15:25:00.000Z,Fed Chair Powell Speech,,,1
2025-04-09T18:00:00.000Z,FOMC Minutes,,,1
2025-04-10T12:30:00.000Z,Inflation Rate MoM,-0.1,0.1,1
2025-04-10T12:30:00.000Z,Core Inflation Rate YoY,2.8,3.0,1
2025-04-10T12:30:00.000Z,Core Inflation Rate MoM,0.1,0.3,1
2025-04-10T12:30:00.000Z,Inflation Rate YoY,2.4,2.6,1
2025-04-11T12:30:00.000Z,PPI MoM,-0.4,0.2,1
2025-04-11T14:00:00.000Z,Michigan Consumer Sentiment Prel,50.8,54.5,1
2025-04-16T12:30:00.000Z,Retail Sales MoM,1.4,1.3,1
2025-04-16T17:30:00.000Z,Fed Chair Powell Speech,,,1
2025-04-17T12:30:00.000Z,Housing Starts,1.324,1.42,1
2025-04-17T12:30:00.000Z,Building Permits Prel,1.482,1.45,1
2025-04-24T12:30:00.000Z,Durable Goods Orders MoM,9.2,2.0,1
2025-04-24T14:00:00.000Z,Existing Home Sales,4.02,4.13,1
2025-04-29T14:00:00.000Z,JOLTs Job Openings,7.192,7.48,1
2025-04-30T12:30:00.000Z,GDP Growth Rate QoQ Adv,-0.3,0.3,1
2025-04-30T14:00:00.000Z,Core PCE Price Index MoM,0.0,0.1,1
2025-04-30T14:00:00.000Z,Personal Income MoM,0.5,0.4,1
2025-04-30T14:00:00.000Z,Personal Spending MoM,0.7,0.5,1
2025-05-01T14:00:00.000Z,ISM Manufacturing PMI,48.7,48.0,1
2025-05-02T12:30:00.000Z,Non Farm Payrolls,177.0,130.0,1
2025-05-02T12:30:00.000Z,Unemployment Rate,4.2,4.2,1
2025-05-05T14:00:00.000Z,ISM Services PMI,51.6,50.6,1
2025-05-07T18:00:00.000Z,Fed Interest Rate Decision,4.5,4.5,1
2025-05-07T18:30:00.000Z,Fed Press Conference,,,1
2025-05-13T12:30:00.000Z,Core Inflation Rate YoY,2.8,2.8,1
2025-05-13T12:30:00.000Z,Inflation Rate MoM,0.2,0.3,1
2025-05-13T12:30:00.000Z,Core Inflation Rate MoM,0.2,0.3,1
2025-05-13T12:30:00.000Z,Inflation Rate YoY,2.3,2.4,1
2025-05-15T12:30:00.000Z,Retail Sales MoM,0.1,0.0,1
2025-05-15T12:30:00.000Z,PPI MoM,-0.5,0.2,1
2025-05-16T12:30:00.000Z,Housing Starts,1.361,1.37,1
2025-05-16T12:30:00.000Z,Building Permits Prel,1.412,1.45,1
2025-05-16T14:00:00.000Z,Michigan Consumer Sentiment Prel,50.8,53.4,1
2025-05-22T14:00:00.000Z,Existing Home Sales,4.0,4.1,1
2025-05-27T12:30:00.000Z,Durable Goods Orders MoM,-6.3,-7.8,1
2025-05-28T18:00:00.000Z,FOMC Minutes,,,1
2025-05-29T12:30:00.000Z,GDP Growth Rate QoQ 2nd Est,-0.2,-0.3,1
2025-05-30T12:30:00.000Z,Personal Income MoM,0.8,0.3,1
2025-05-30T12:30:00.000Z,Core PCE Price Index MoM,0.1,0.1,1
2025-05-30T12:30:00.000Z,Personal Spending MoM,0.2,0.2,1
2025-06-02T14:00:00.000Z,ISM Manufacturing PMI,48.5,49.5,1
2025-06-02T17:00:00.000Z,Fed Chair Powell Speech,,,1
2025-06-03T14:00:00.000Z,JOLTs Job Openings,7.391,7.1,1
2025-06-04T14:00:00.000Z,ISM Services PMI,49.9,52.0,1
2025-06-06T12:30:00.000Z,Unemployment Rate,4.2,4.2,1
2025-06-06T12:30:00.000Z,Non Farm Payrolls,139.0,130.0,1
2025-06-11T12:30:00.000Z,Inflation Rate YoY,2.4,2.5,1
2025-06-11T12:30:00.000Z,Core Inflation Rate MoM,0.1,0.3,1
2025-06-11T12:30:00.000Z,Inflation Rate MoM,0.1,0.2,1
2025-06-11T12:30:00.000Z,Core Inflation Rate YoY,2.8,2.9,1
2025-06-12T12:30:00.000Z,PPI MoM,0.1,0.2,1
2025-06-13T14:00:00.000Z,Michigan Consumer Sentiment Prel,60.5,53.5,1
2025-06-17T12:30:00.000Z,Retail Sales MoM,-0.9,-0.7,1
2025-06-18T12:30:00.000Z,Housing Starts,1.256,1.36,1
2025-06-18T12:30:00.000Z,Building Permits Prel,1.393,1.43,1
2025-06-18T18:00:00.000Z,Fed Interest Rate Decision,4.5,4.5,1
2025-06-18T18:00:00.000Z,FOMC Economic Projections,,,1
2025-06-18T18:30:00.000Z,Fed Press Conference,,,1
2025-06-23T14:00:00.000Z,Existing Home Sales,4.03,3.96,1
2025-06-24T14:00:00.000Z,Fed Chair Powell Testimony,,,1
2025-06-25T14:00:00.000Z,Fed Chair Powell Testimony,,,1
2025-06-26T12:30:00.000Z,GDP Growth Rate QoQ Final,-0.5,-0.2,1
2025-06-26T12:30:00.000Z,Durable Goods Orders MoM,16.4,8.5,1
2025-06-27T12:30:00.000Z,Core PCE Price Index MoM,0.2,0.1,1
2025-06-27T12:30:00.000Z,Personal Income MoM,-0.4,0.3,1
2025-06-27T12:30:00.000Z,Personal Spending MoM,-0.1,0.1,1
2025-07-01T14:00:00.000Z,JOLTs Job Openings,7.769,7.3,1
2025-07-01T14:00:00.000Z,ISM Manufacturing PMI,49.0,48.8,1
2025-07-03T12:30:00.000Z,Non Farm Payrolls,147.0,110.0,1
2025-07-03T12:30:00.000Z,Unemployment Rate,4.1,4.3,1
2025-07-03T14:00:00.000Z,ISM Services PMI,50.8,50.5,1
2025-07-09T18:00:00.000Z,FOMC Minutes,,,1
2025-07-15T12:30:00.000Z,Inflation Rate MoM,0.3,0.3,1
2025-07-15T12:30:00.000Z,Inflation Rate YoY,2.7,2.7,1
2025-07-15T12:30:00.000Z,Core Inflation Rate MoM,0.2,0.3,1
2025-07-15T12:30:00.000Z,Core Inflation Rate YoY,2.9,3.0,1
2025-07-16T12:30:00.000Z,PPI MoM,0.0,0.2,1
2025-07-17T12:30:00.000Z,Retail Sales MoM,0.6,0.1,1
2025-07-18T12:30:00.000Z,Building Permits Prel,1.397,1.39,1
2025-07-18T12:30:00.000Z,Housing Starts,1.321,1.3,1
2025-07-18T14:00:00.000Z,Michigan Consumer Sentiment Prel,61.8,61.5,1
2025-07-22T12:30:00.000Z,Fed Chair Powell Speech,,,1
2025-07-23T14:00:00.000Z,Existing Home Sales,3.93,4.01,1
2025-07-25T12:30:00.000Z,Durable Goods Orders MoM,-9.3,-10.8,1
2025-07-29T14:00:00.000Z,JOLTs Job Openings,7.437,7.55,1
2025-07-30T12:30:00.000Z,GDP Growth Rate QoQ Adv,3.0,2.4,1
2025-07-30T18:00:00.000Z,Fed Interest Rate Decision,4.5,4.5,1
2025-07-30T18:30:00.000Z,Fed Press Conference,,,1
2025-07-31T12:30:00.000Z,Personal Income MoM,0.3,0.2,1
2025-07-31T12:30:00.000Z,Core PCE Price Index MoM,0.3,0.3,1
2025-07-31T12:30:00.000Z,Personal Spending MoM,0.3,0.4,1
2025-08-01T12:30:00.000Z,Unemployment Rate,4.2,4.2,1
2025-08-01T12:30:00.000Z,Non Farm Payrolls,73.0,110.0,1
2025-08-01T14:00:00.000Z,ISM Manufacturing PMI,48.0,49.5,1
2025-08-05T14:00:00.000Z,ISM Services PMI,50.1,51.5,1
2025-08-12T12:30:00.000Z,Inflation Rate YoY,2.7,2.8,1
2025-08-12T12:30:00.000Z,Core Inflation Rate MoM,0.3,0.3,1
2025-08-12T12:30:00.000Z,Inflation Rate MoM,0.2,0.2,1
2025-08-12T12:30:00.000Z,Core Inflation Rate YoY,3.1,3.0,1
2025-08-14T12:30:00.000Z,PPI MoM,0.9,0.2,1
2025-08-15T12:30:00.000Z,Retail Sales MoM,0.5,0.5,1
2025-08-15T14:00:00.000Z,Michigan Consumer Sentiment Prel,58.6,62.0,1
2025-08-19T12:30:00.000Z,Building Permits Prel,1.354,1.39,1
2025-08-19T12:30:00.000Z,Housing Starts,1.428,1.29,1
2025-08-20T18:00:00.000Z,FOMC Minutes,,,1
2025-08-21T14:00:00.000Z,Existing Home Sales,4.01,3.92,1
2025-08-22T14:00:00.000Z,Fed Chair Powell Speech,,,1
2025-08-26T12:30:00.000Z,Durable Goods Orders MoM,-2.8,-4.0,1
2025-08-28T12:30:00.000Z,GDP Growth Rate QoQ 2nd Est,3.3,3.1,1
2025-08-29T12:30:00.000Z,Personal Income MoM,0.4,0.4,1
2025-08-29T12:30:00.000Z,Core PCE Price Index MoM,0.3,0.3,1
2025-08-29T12:30:00.000Z,Personal Spending MoM,0.5,0.5,1
2025-09-02T14:00:00.000Z,ISM Manufacturing PMI,48.7,49.0,1
2025-09-03T14:00:00.000Z,JOLTs Job Openings,7.181,7.4,1
2025-09-04T14:00:00.000Z,ISM Services PMI,52.0,51.0,1
2025-09-05T12:30:00.000Z,Non Farm Payrolls,22.0,75.0,1
2025-09-05T12:30:00.000Z,Unemployment Rate,4.3,4.3,1
2025-09-09T14:00:00.000Z,Non Farm Payrolls Annual Revision,-911.0,,1
2025-09-10T12:30:00.000Z,PPI MoM,-0.1,0.3,1
2025-09-11T12:30:00.000Z,Core Inflation Rate MoM,0.3,0.3,1
2025-09-11T12:30:00.000Z,Inflation Rate MoM,0.4,0.3,1
2025-09-11T12:30:00.000Z,Inflation Rate YoY,2.9,2.9,1
2025-09-11T12:30:00.000Z,Core Inflation Rate YoY,3.1,3.1,1
2025-09-12T14:00:00.000Z,Michigan Consumer Sentiment Prel,55.4,58.0,1
2025-09-16T12:30:00.000Z,Retail Sales MoM,0.6,0.2,1
2025-09-17T12:30:00.000Z,Housing Starts,1.307,1.37,1
2025-09-17T12:30:00.000Z,Building Permits Prel,1.312,1.37,1
2025-09-17T18:00:00.000Z,Fed Interest Rate Decision,4.25,4.25,1
2025-09-17T18:00:00.000Z,FOMC Economic Projections,,,1
2025-09-17T18:30:00.000Z,Fed Press Conference,,,1
2025-09-23T16:35:00.000Z,Fed Chair Powell Speech,,,1
2025-09-25T12:30:00.000Z,GDP Growth Rate QoQ Final,3.8,3.3,1
2025-09-25T12:30:00.000Z,Durable Goods Orders MoM,2.9,-0.5,1
2025-09-25T13:45:00.000Z,Existing Home Sales,4.0,3.96,1
2025-09-26T12:30:00.000Z,Core PCE Price Index MoM,0.2,0.2,1
2025-09-26T12:30:00.000Z,Personal Income MoM,0.4,0.3,1
2025-09-26T12:30:00.000Z,Personal Spending MoM,0.6,0.5,1
2025-09-30T14:00:00.000Z,JOLTs Job Openings,7.227,7.2,1
2025-10-01T14:00:00.000Z,ISM Manufacturing PMI,49.1,49.0,1
2025-10-03T14:00:00.000Z,ISM Services PMI,50.0,51.7,1
2025-10-08T18:00:00.000Z,FOMC Minutes,,,1
2025-10-10T14:00:00.000Z,Michigan Consumer Sentiment Prel,55.0,54.2,1
2025-10-14T16:20:00.000Z,Fed Chair Powell Speech,,,1
2025-10-23T14:00:00.000Z,Existing Home Sales,4.06,4.1,1
2025-10-24T12:30:00.000Z,Inflation Rate YoY,3.0,3.1,1
2025-10-24T12:30:00.000Z,Inflation Rate MoM,0.3,0.4,1
2025-10-24T12:30:00.000Z,Core Inflation Rate MoM,0.2,0.3,1
2025-10-24T12:30:00.000Z,Core Inflation Rate YoY,3.0,3.1,1
2025-10-29T18:00:00.000Z,Fed Interest Rate Decision,4.0,4.0,1
2025-10-29T18:30:00.000Z,Fed Press Conference,,,1
2025-10-30T12:30:00.000Z,GDP Growth Rate QoQ Adv,4.3,3.0,1
2025-11-03T15:00:00.000Z,ISM Manufacturing PMI,48.7,49.5,1
2025-11-05T15:00:00.000Z,ISM Services PMI,52.4,50.8,1
2025-11-07T15:00:00.000Z,Michigan Consumer Sentiment Prel,50.3,53.2,1
2025-11-19T19:00:00.000Z,FOMC Minutes,,,1
2025-11-20T13:30:00.000Z,Non Farm Payrolls,119.0,50.0,1
2025-11-20T13:30:00.000Z,Unemployment Rate,4.4,4.3,1
2025-11-20T15:00:00.000Z,Existing Home Sales,4.1,4.08,1
2025-11-25T13:30:00.000Z,PPI MoM,0.3,0.3,1
2025-11-25T13:30:00.000Z,Retail Sales MoM,0.2,0.4,1
2025-11-26T13:30:00.000Z,Durable Goods Orders MoM,0.5,0.3,1
2025-12-01T15:00:00.000Z,ISM Manufacturing PMI,48.2,48.6,1
2025-12-03T15:00:00.000Z,ISM Services PMI,52.6,52.1,1
2025-12-05T15:00:00.000Z,Michigan Consumer Sentiment Prel,53.3,52.0,1
2025-12-05T15:00:00.000Z,Personal Income MoM,0.4,0.3,1
2025-12-05T15:00:00.000Z,Personal Spending MoM,0.3,0.3,1
2025-12-05T15:00:00.000Z,Core PCE Price Index MoM,0.2,0.2,1
2025-12-09T15:00:00.000Z,JOLTs Job Openings,7.658,7.2,1
2025-12-09T15:00:00.000Z,JOLTs Job Openings,7.67,,1
2025-12-10T19:00:00.000Z,Fed Interest Rate Decision,3.75,3.75,1
2025-12-10T19:00:00.000Z,FOMC Economic Projections,,,1
2025-12-10T19:30:00.000Z,Fed Press Conference,,,1
2025-12-16T13:30:00.000Z,Non Farm Payrolls,-105.0,,1
2025-12-16T13:30:00.000Z,Unemployment Rate,4.6,4.4,1
2025-12-16T13:30:00.000Z,Non Farm Payrolls,64.0,50.0,1
2025-12-16T13:30:00.000Z,Retail Sales MoM,0.0,0.1,1
2025-12-18T13:30:00.000Z,Inflation Rate MoM,,0.3,1
2025-12-18T13:30:00.000Z,Core Inflation Rate MoM,,0.3,1
2025-12-18T13:30:00.000Z,Core Inflation Rate YoY,2.6,3.0,1
2025-12-18T13:30:00.000Z,Inflation Rate YoY,2.7,3.1,1
2025-12-19T15:00:00.000Z,Existing Home Sales,4.13,4.2,1
2025-12-20T02:00:00.000Z,US President Trump Speech,,,1
2025-12-23T13:30:00.000Z,Durable Goods Orders MoM,-2.2,-1.5,1
2025-12-23T13:30:00.000Z,GDP Growth Rate QoQ,4.3,3.3,1
2025-12-30T19:00:00.000Z,FOMC Minutes,,,1
2026-01-05T15:00:00.000Z,ISM Manufacturing PMI,47.9,48.3,1
2026-01-07T15:00:00.000Z,ISM Services PMI,54.4,52.3,1
2026-01-07T15:00:00.000Z,JOLTs Job Openings,7.146,7.6,1
2026-01-09T13:30:00.000Z,Non Farm Payrolls,50.0,60.0,1
2026-01-09T13:30:00.000Z,Unemployment Rate,4.4,4.5,1
2026-01-09T13:30:00.000Z,Building Permits Prel,1.415,1.35,1
2026-01-09T13:30:00.000Z,Building Permits Prel,1.412,,1
2026-01-09T13:30:00.000Z,Housing Starts,1.306,1.33,1
2026-01-09T13:30:00.000Z,Housing Starts,1.246,,1
2026-01-09T15:00:00.000Z,Michigan Consumer Sentiment Prel,54.0,53.5,1
2026-01-13T13:30:00.000Z,Core Inflation Rate MoM,0.2,0.3,1
2026-01-13T13:30:00.000Z,Core Inflation Rate YoY,2.6,2.7,1
2026-01-13T13:30:00.000Z,Inflation Rate MoM,0.3,0.3,1
2026-01-13T13:30:00.000Z,Inflation Rate YoY,2.7,2.7,1
2026-01-14T13:30:00.000Z,PPI MoM,0.1,,1
2026-01-14T13:30:00.000Z,PPI MoM,0.2,0.2,1
2026-01-14T13:30:00.000Z,Retail Sales MoM,0.6,0.4,1
2026-01-14T15:00:00.000Z,Existing Home Sales,4.35,4.21,1
2026-01-22T13:30:00.000Z,GDP Growth Rate QoQ Final,4.4,4.3,1
2026-01-22T15:00:00.000Z,Core PCE Price Index MoM,0.2,,1
2026-01-22T15:00:00.000Z,Core PCE Price Index MoM,0.2,0.2,1
2026-01-22T15:00:00.000Z,Personal Income MoM,0.1,,1
2026-01-22T15:00:00.000Z,Personal Income MoM,0.3,0.4,1
2026-01-22T15:00:00.000Z,Personal Spending MoM,0.5,,1
2026-01-22T15:00:00.000Z,Personal Spending MoM,0.5,0.5,1
2026-01-26T13:30:00.000Z,Durable Goods Orders MoM,5.3,3.7,1
2026-01-28T19:00:00.000Z,Fed Interest Rate Decision,3.75,3.75,1
2026-01-28T19:30:00.000Z,Fed Press Conference,,,1
2026-01-30T13:30:00.000Z,PPI MoM,0.5,0.2,1
2026-02-02T15:00:00.000Z,ISM Manufacturing PMI,52.6,48.5,1
2026-02-04T15:00:00.000Z,ISM Services PMI,53.8,53.5,1
2026-02-05T15:00:00.000Z,JOLTs Job Openings,6.542,7.2,1
2026-02-06T15:00:00.000Z,Michigan Consumer Sentiment Prel,57.3,55.0,1
2026-02-10T13:30:00.000Z,Retail Sales MoM,0.0,0.4,1
2026-02-11T13:30:00.000Z,Unemployment Rate,4.3,4.4,1
2026-02-11T13:30:00.000Z,Non Farm Payrolls,130.0,70.0,1
2026-02-12T15:00:00.000Z,Existing Home Sales,3.91,4.18,1
2026-02-13T13:30:00.000Z,Core Inflation Rate MoM,0.3,0.3,1
2026-02-13T13:30:00.000Z,Inflation Rate YoY,2.4,2.5,1
2026-02-13T13:30:00.000Z,Inflation Rate MoM,0.2,0.3,1
2026-02-13T13:30:00.000Z,Core Inflation Rate YoY,2.5,2.5,1
2026-02-18T13:30:00.000Z,Building Permits Prel,1.388,,1
2026-02-18T13:30:00.000Z,Housing Starts,1.322,,1
2026-02-18T13:30:00.000Z,Housing Starts,1.404,1.33,1
2026-02-18T13:30:00.000Z,Building Permits Prel,1.448,1.4,1
2026-02-18T13:30:00.000Z,Durable Goods Orders MoM,-1.4,-2.0,1
2026-02-18T19:00:00.000Z,FOMC Minutes,,,1
2026-02-20T13:30:00.000Z,GDP Growth Rate QoQ Adv,1.4,3.0,1
2026-02-20T13:30:00.000Z,Personal Income MoM,0.3,0.3,1
2026-02-20T13:30:00.000Z,Personal Spending MoM,0.4,0.4,1
2026-02-20T13:30:00.000Z,Core PCE Price Index MoM,0.4,0.3,1
2026-02-25T02:00:00.000Z,President Trump State of the Union Speech,,,1
2026-02-27T13:30:00.000Z,PPI MoM,0.5,0.3,1
2026-03-02T15:00:00.000Z,ISM Manufacturing PMI,52.4,51.8,1
2026-03-04T15:00:00.000Z,ISM Services PMI,56.1,53.5,1
2026-03-06T13:30:00.000Z,Non Farm Payrolls,-92.0,59.0,1
2026-03-06T13:30:00.000Z,Unemployment Rate,4.4,4.3,1
2026-03-06T13:30:00.000Z,Retail Sales MoM,-0.2,-0.3,1
2026-03-10T14:00:00.000Z,Existing Home Sales,4.09,3.89,1
2026-03-11T12:30:00.000Z,Inflation Rate MoM,0.3,0.3,1
2026-03-11T12:30:00.000Z,Core Inflation Rate YoY,2.5,2.5,1
2026-03-11T12:30:00.000Z,Inflation Rate YoY,2.4,2.4,1
2026-03-11T12:30:00.000Z,Core Inflation Rate MoM,0.2,0.2,1
2026-03-12T12:30:00.000Z,Housing Starts,1.487,1.35,1
2026-03-12T12:30:00.000Z,Building Permits Prel,1.376,1.41,1
2026-03-13T12:30:00.000Z,Durable Goods Orders MoM,0.0,1.2,1
2026-03-13T12:30:00.000Z,Core PCE Price Index MoM,0.4,0.4,1
2026-03-13T12:30:00.000Z,Personal Income MoM,0.4,0.5,1
2026-03-13T12:30:00.000Z,Personal Spending MoM,0.4,0.3,1
2026-03-13T12:30:00.000Z,GDP Growth Rate QoQ 2nd Est,0.7,1.4,1
2026-03-13T14:00:00.000Z,Michigan Consumer Sentiment Prel,55.5,55.0,1
2026-03-13T14:00:00.000Z,JOLTs Job Openings,6.946,6.7,1
2026-03-18T12:30:00.000Z,PPI MoM,0.7,0.3,1
2026-03-18T18:00:00.000Z,Fed Interest Rate Decision,3.75,3.75,1
2026-03-18T18:00:00.000Z,FOMC Economic Projections,,,1
2026-03-18T18:30:00.000Z,Fed Press Conference,,,1
2026-03-31T14:00:00.000Z,JOLTs Job Openings,6.882,6.92,1
2026-04-01T12:30:00.000Z,Retail Sales MoM,0.6,0.5,1
2026-04-01T14:00:00.000Z,ISM Manufacturing PMI,52.7,52.5,1
2026-04-02T01:00:00.000Z,US President Trump Speech,,,1
2026-04-03T12:30:00.000Z,Unemployment Rate,4.3,4.4,1
2026-04-03T12:30:00.000Z,Non Farm Payrolls,178.0,60.0,1
2026-04-06T14:00:00.000Z,ISM Services PMI,54.0,55.0,1
2026-04-07T12:30:00.000Z,Durable Goods Orders MoM,-1.4,-0.5,1
2026-04-08T18:00:00.000Z,FOMC Minutes,,,1
2026-04-09T12:30:00.000Z,Personal Income MoM,-0.1,0.3,1
2026-04-09T12:30:00.000Z,Core PCE Price Index MoM,0.4,0.4,1
2026-04-09T12:30:00.000Z,Personal Spending MoM,0.5,0.5,1
2026-04-09T12:30:00.000Z,GDP Growth Rate QoQ Final,0.5,0.7,1
2026-04-10T12:30:00.000Z,Core Inflation Rate MoM,0.2,0.3,1
2026-04-10T12:30:00.000Z,Inflation Rate MoM,0.9,0.9,1
2026-04-10T12:30:00.000Z,Core Inflation Rate YoY,2.6,2.7,1
2026-04-10T12:30:00.000Z,Inflation Rate YoY,3.3,3.3,1
2026-04-10T14:00:00.000Z,Michigan Consumer Sentiment Prel,47.6,52.0,1
2026-04-13T14:00:00.000Z,Existing Home Sales,3.98,4.06,1
2026-04-14T12:30:00.000Z,PPI MoM,0.5,1.1,1
2026-04-21T12:30:00.000Z,Retail Sales MoM,1.7,1.4,1
2026-04-29T12:30:00.000Z,Building Permits Prel,1.538,,1
2026-04-29T12:30:00.000Z,Housing Starts,1.356,,1
2026-04-29T12:30:00.000Z,Durable Goods Orders MoM,0.8,0.5,1
2026-04-29T12:30:00.000Z,Building Permits Prel,1.372,1.39,1
2026-04-29T12:30:00.000Z,Housing Starts,1.502,1.4,1
2026-04-29T18:00:00.000Z,Fed Interest Rate Decision,3.75,3.75,1
2026-04-29T18:30:00.000Z,Fed Press Conference,,,1
2026-04-30T12:30:00.000Z,Core PCE Price Index MoM,0.3,0.3,1
2026-04-30T12:30:00.000Z,Personal Spending MoM,0.9,0.9,1
2026-04-30T12:30:00.000Z,Personal Income MoM,0.6,0.3,1
2026-04-30T12:30:00.000Z,GDP Growth Rate QoQ Adv,2.0,2.3,1
2026-05-01T14:00:00.000Z,ISM Manufacturing PMI,52.7,53.0,1
2026-05-05T14:00:00.000Z,ISM Services PMI,53.6,53.7,1
2026-05-05T14:00:00.000Z,JOLTs Job Openings,6.866,6.84,1
2026-05-08T12:30:00.000Z,Non Farm Payrolls,115.0,62.0,1
2026-05-08T12:30:00.000Z,Unemployment Rate,4.3,4.3,1
2026-05-08T14:00:00.000Z,Michigan Consumer Sentiment Prel,48.2,49.5,1
2026-05-11T14:00:00.000Z,Existing Home Sales,4.02,4.05,1
2026-05-12T12:30:00.000Z,Core Inflation Rate MoM,0.4,0.3,1
2026-05-12T12:30:00.000Z,Inflation Rate MoM,0.6,0.6,1
2026-05-12T12:30:00.000Z,Core Inflation Rate YoY,2.8,2.7,1
2026-05-12T12:30:00.000Z,Inflation Rate YoY,3.8,3.7,1
2026-05-13T12:30:00.000Z,PPI MoM,1.4,0.5,1
2026-05-14T12:30:00.000Z,Retail Sales MoM,0.5,0.5,1
2026-05-20T18:00:00.000Z,FOMC Minutes,,,1
2026-05-21T12:30:00.000Z,Building Permits Prel,1.442,1.39,1
2026-05-21T12:30:00.000Z,Housing Starts,1.465,1.41,1
2026-05-28T12:30:00.000Z,GDP Growth Rate QoQ 2nd Est,1.6,2.0,1
2026-05-28T12:30:00.000Z,Core PCE Price Index MoM,0.2,0.3,1
2026-05-28T12:30:00.000Z,Durable Goods Orders MoM,7.9,3.5,1
2026-05-28T12:30:00.000Z,Personal Income MoM,0.0,0.4,1
2026-05-28T12:30:00.000Z,Personal Spending MoM,0.5,0.5,1
2026-06-01T14:00:00.000Z,ISM Manufacturing PMI,54.0,53.0,1
2026-06-02T14:00:00.000Z,JOLTs Job Openings,7.618,6.88,1
2026-06-03T14:00:00.000Z,ISM Services PMI,54.5,53.8,1
2026-06-05T12:30:00.000Z,Unemployment Rate,4.3,4.3,1
2026-06-05T12:30:00.000Z,Non Farm Payrolls,172.0,85.0,1
2026-06-09T14:00:00.000Z,Existing Home Sales,4.17,4.07,1
2026-06-10T12:30:00.000Z,Core Inflation Rate MoM,0.2,0.3,1
2026-06-10T12:30:00.000Z,Inflation Rate MoM,0.5,0.5,1
2026-06-10T12:30:00.000Z,Core Inflation Rate YoY,2.9,2.9,1
2026-06-10T12:30:00.000Z,Inflation Rate YoY,4.2,4.2,1
2026-06-11T12:30:00.000Z,PPI MoM,1.1,0.7,1
2026-06-12T14:00:00.000Z,Michigan Consumer Sentiment Prel,48.9,46.0,1
2026-06-16T12:30:00.000Z,Building Permits Prel,1.413,1.42,1
2026-06-16T12:30:00.000Z,Housing Starts,1.177,1.43,1
2026-06-17T12:30:00.000Z,Retail Sales MoM,0.9,0.5,1
2026-06-17T18:00:00.000Z,Fed Interest Rate Decision,3.75,3.75,1
2026-06-17T18:00:00.000Z,FOMC Economic Projections,,,1
2026-06-17T18:30:00.000Z,Fed Press Conference,,,1
2026-06-25T12:30:00.000Z,GDP Growth Rate QoQ Final,2.1,1.6,1
2026-06-25T12:30:00.000Z,Durable Goods Orders MoM,-4.5,-4.5,1
2026-06-25T12:30:00.000Z,Personal Spending MoM,0.7,0.6,1
2026-06-25T12:30:00.000Z,Core PCE Price Index MoM,0.3,0.3,1
2026-06-25T12:30:00.000Z,Personal Income MoM,0.7,0.4,1
2026-06-30T14:00:00.000Z,JOLTs Job Openings,7.594,7.3,1
2026-07-01T13:00:00.000Z,Fed Chair Warsh Speech,,,1
2026-07-01T14:00:00.000Z,ISM Manufacturing PMI,53.3,54.0,1
2026-07-02T12:30:00.000Z,Non Farm Payrolls,57.0,110.0,1
2026-07-02T12:30:00.000Z,Unemployment Rate,4.2,4.3,1
2026-07-06T14:00:00.000Z,ISM Services PMI,54.0,54.0,1
2026-07-08T18:00:00.000Z,FOMC Minutes,,,1
2026-07-09T14:00:00.000Z,Existing Home Sales,4.09,4.2,1
2026-07-14T12:30:00.000Z,Core Inflation Rate YoY,2.6,2.8,1
2026-07-14T12:30:00.000Z,Inflation Rate YoY,3.5,3.8,1
2026-07-14T12:30:00.000Z,Core Inflation Rate MoM,0.0,0.2,1
2026-07-14T12:30:00.000Z,Inflation Rate MoM,-0.4,-0.1,1
2026-07-14T14:00:00.000Z,Fed Chair Warsh Testimony,,,1
2026-07-15T12:30:00.000Z,PPI MoM,-0.3,0.0,1
2026-07-15T14:00:00.000Z,Fed Chair Warsh Testimony,,,1
2026-07-16T12:30:00.000Z,Retail Sales MoM,0.2,0.2,1
2026-07-17T12:30:00.000Z,Housing Starts,1.427,1.31,1
2026-07-17T12:30:00.000Z,Building Permits Prel,1.367,1.4,1
2026-07-17T14:00:00.000Z,Michigan Consumer Sentiment Prel,54.4,51.0,1
2026-07-27T12:30:00.000Z,Durable Goods Orders MoM,0.3,2.5,1
2026-07-29T18:00:00.000Z,Fed Interest Rate Decision,3.75,3.75,1
2026-07-29T18:30:00.000Z,Fed Press Conference,,,1
2026-07-30T12:30:00.000Z,Personal Income MoM,0.2,0.3,1
2026-07-30T12:30:00.000Z,GDP Growth Rate QoQ Adv,1.5,2.1,1
2026-07-30T12:30:00.000Z,Personal Spending MoM,0.3,0.3,1
2026-07-30T12:30:00.000Z,Core PCE Price Index MoM,0.1,0.2,1
2026-08-03T14:00:00.000Z,ISM Manufacturing PMI,55.6,54.0,1
2026-08-04T14:00:00.000Z,JOLTs Job Openings,7.359,7.4,1
2026-08-05T14:00:00.000Z,ISM Services PMI,54.1,54.5,1
2026-08-07T12:30:00.000Z,Non Farm Payrolls,-23.0,80.0,1
2026-08-07T12:30:00.000Z,Unemployment Rate,4.1,4.2,1
2026-08-11T14:00:00.000Z,Existing Home Sales,4.06,4.05,1
2026-08-12T12:30:00.000Z,Inflation Rate YoY,3.4,3.4,1
2026-08-12T12:30:00.000Z,Core Inflation Rate MoM,0.2,0.2,1
2026-08-12T12:30:00.000Z,Core Inflation Rate YoY,2.5,2.5,1
2026-08-12T12:30:00.000Z,Inflation Rate MoM,0.1,0.1,1
2026-08-13T12:30:00.000Z,PPI MoM,0.0,0.2,1
2026-08-14T12:30:00.000Z,Retail Sales MoM,-0.6,0.1,1
2026-08-14T14:00:00.000Z,Michigan Consumer Sentiment Prel,51.0,54.5,1
2026-08-18T12:30:00.000Z,Housing Starts,1.239,1.35,1
2026-08-18T12:30:00.000Z,Building Permits Prel,1.443,1.37,1
2026-08-19T18:00:00.000Z,FOMC Minutes,,,1
2026-08-26T12:30:00.000Z,Personal Spending MoM,0.2,0.1,1
2026-08-26T12:30:00.000Z,Personal Income MoM,0.4,0.2,1
2026-08-26T12:30:00.000Z,Durable Goods Orders MoM,1.1,0.5,1
2026-08-26T12:30:00.000Z,Core PCE Price Index MoM,0.2,0.2,1
2026-08-26T12:30:00.000Z,GDP Growth Rate QoQ 2nd Est,1.5,1.5,1
2026-08-28T14:00:00.000Z,Non Farm Payrolls Annual Revision Prel,-79.0,,1
2026-08-28T14:00:00.000Z,Fed Chair Warsh Speech,,,1
2026-09-01T14:00:00.000Z,ISM Manufacturing PMI,54.6,55.2,1
2026-09-01T14:00:00.000Z,JOLTs Job Openings,7.271,7.3,1
2026-09-03T14:00:00.000Z,ISM Services PMI,55.4,54.3,1
2026-09-04T12:30:00.000Z,Non Farm Payrolls,162.0,56.0,1
2026-09-04T12:30:00.000Z,Unemployment Rate,4.1,4.1,1
2026-09-10T12:30:00.000Z,PPI MoM,0.4,0.4,1
2026-09-10T14:00:00.000Z,Existing Home Sales,3.98,3.98,1
2026-09-11T12:30:00.000Z,Core Inflation Rate MoM,0.3,0.2,1
2026-09-11T12:30:00.000Z,Inflation Rate YoY,3.4,3.4,1
2026-09-11T12:30:00.000Z,Inflation Rate MoM,0.4,0.4,1
2026-09-11T12:30:00.000Z,Core Inflation Rate YoY,2.4,2.4,1
2026-09-11T14:00:00.000Z,Michigan Consumer Sentiment Prel,47.8,51.0,1
2026-09-16T12:30:00.000Z,Retail Sales MoM,1.2,0.8,1
2026-09-16T18:00:00.000Z,Fed Interest Rate Decision,4.0,4.0,1
2026-09-16T18:00:00.000Z,FOMC Economic Projections,,,1
2026-09-16T18:30:00.000Z,Fed Press Conference,,,1
2026-09-17T12:30:00.000Z,Housing Starts,1.275,1.31,1
2026-09-17T12:30:00.000Z,Building Permits Prel,1.394,1.41,1
2026-09-24T00:00:00.000Z,President Trump and President Xi Summit,,,1
2026-09-25T12:30:00.000Z,Durable Goods Orders MoM,0.0,-0.4,1
2026-09-29T14:00:00.000Z,JOLTs Job Openings,7.079,7.23,1
2026-09-30T12:30:00.000Z,Core PCE Price Index MoM,0.2,0.3,1
2026-09-30T12:30:00.000Z,GDP Growth Rate QoQ Final,2.2,1.5,1
2026-09-30T12:30:00.000Z,Personal Spending MoM,0.9,0.8,1
2026-09-30T12:30:00.000Z,Personal Income MoM,0.2,0.4,1
